shape_id,shape_pt_lat,shape_pt_lon,shape_pt_sequence
111001,34.864235,137.165924,1
111001,34.864239,137.165985,2
111001,34.864243,137.166061,3
111001,34.864273,137.166138,4
111001,34.864326,137.166168,5
111001,34.864403,137.166168,6
111001,34.864513,137.166153,7
111001,34.864651,137.166153,8
111001,34.864811,137.166153,9
111001,34.864975,137.166138,10
111001,34.865131,137.166138,11
111001,34.865276,137.166138,12
111001,34.865398,137.166138,13
111001,34.865479,137.166122,14
111001,34.865528,137.166122,15
111001,34.865582,137.166138,16
111001,34.865669,137.166138,17
111001,34.865768,137.166107,18
111001,34.865856,137.166046,19
111001,34.865898,137.165939,20
111001,34.865883,137.165833,21
111001,34.865852,137.16571,22
111001,34.865814,137.165558,23
111001,34.865776,137.165375,24
111001,34.865726,137.165176,25
111001,34.865673,137.164948,26
111001,34.86562,137.164719,27
111001,34.865566,137.164505,28
111001,34.865513,137.164291,29
111001,34.865467,137.164078,30
111001,34.865421,137.163895,31
111001,34.865395,137.163788,32
111001,34.865383,137.163742,33
111001,34.865379,137.163681,34
111001,34.86541,137.16362,35
111001,34.86549,137.163589,36
111001,34.865601,137.163559,37
111001,34.865753,137.163528,38
111001,34.865921,137.163483,39
111001,34.866093,137.163452,40
111001,34.866386,137.163376,41
111001,34.866573,137.16333,42
111001,34.86676,137.163269,43
111001,34.86694,137.163239,44
111001,34.867119,137.163177,45
111001,34.867298,137.163132,46
111001,34.867481,137.163086,47
111001,34.867668,137.163025,48
111001,34.867863,137.162979,49
111001,34.868053,137.162918,50
111001,34.868217,137.162872,51
111001,34.868309,137.162842,52
111001,34.868362,137.162827,53
111001,34.868431,137.162811,54
111001,34.868546,137.162781,55
111001,34.868713,137.162735,56
111001,34.868919,137.162689,57
111001,34.86916,137.162628,58
111001,34.869411,137.162552,59
111001,34.869667,137.162506,60
111001,34.869923,137.162476,61
111001,34.870174,137.16246,62
111001,34.870434,137.16243,63
111001,34.870689,137.162415,64
111001,34.870945,137.162384,65
111001,34.871185,137.162369,66
111001,34.871422,137.162354,67
111001,34.871647,137.162338,68
111001,34.871864,137.162369,69
111001,34.872063,137.162399,70
111001,34.872257,137.162445,71
111001,34.872452,137.162506,72
111001,34.872658,137.162598,73
111001,34.872864,137.162704,74
111001,34.873074,137.162827,75
111001,34.873291,137.162949,76
111001,34.87352,137.163086,77
111001,34.873768,137.163239,78
111001,34.874012,137.163391,79
111001,34.87426,137.163528,80
111001,34.874504,137.163666,81
111001,34.874748,137.163803,82
111001,34.875,137.16394,83
111001,34.875244,137.164078,84
111001,34.875469,137.1642,85
111001,34.875675,137.164322,86
111001,34.875832,137.164413,87
111001,34.875938,137.164459,88
111001,34.875992,137.16449,89
111001,34.876076,137.164551,90
111001,34.876156,137.164597,91
111001,34.876244,137.164642,92
111001,34.876312,137.164673,93
111001,34.876347,137.164703,94
111001,34.876438,137.164749,95
111001,34.876514,137.16478,96
111001,34.876595,137.164825,97
111001,34.876701,137.164886,98
111001,34.876831,137.164963,99
111001,34.876991,137.165039,100
111001,34.877163,137.165146,101
111001,34.877331,137.165237,102
111001,34.877502,137.165344,103
111001,34.877693,137.165451,104
111001,34.87788,137.165543,105
111001,34.878063,137.165649,106
111001,34.878262,137.165741,107
111001,34.878464,137.165802,108
111001,34.878674,137.165833,109
111001,34.878872,137.165863,110
111001,34.879066,137.165909,111
111001,34.879246,137.165955,112
111001,34.879421,137.166016,113
111001,34.879601,137.166092,114
111001,34.879791,137.166183,115
111001,34.879978,137.16626,116
111001,34.880157,137.166336,117
111001,34.88031,137.166412,118
111001,34.880424,137.166458,119
111001,34.880512,137.166489,120
111001,34.880619,137.166534,121
111001,34.880741,137.16658,122
111001,34.88089,137.166641,123
111001,34.881058,137.166718,124
111001,34.881233,137.166794,125
111001,34.881397,137.166855,126
111001,34.881542,137.166916,127
111001,34.881626,137.166977,128
111001,34.881641,137.167084,129
111001,34.881611,137.167206,130
111001,34.881546,137.167374,131
111001,34.881474,137.167587,132
111001,34.88139,137.167831,133
111001,34.88129,137.168091,134
111001,34.881195,137.16835,135
111001,34.881104,137.16861,136
111001,34.881016,137.168839,137
111001,34.880939,137.169067,138
111001,34.880859,137.169235,139
111001,34.880772,137.169388,140
111001,34.880726,137.169479,141
111001,34.880726,137.16954,142
111001,34.880749,137.169586,143
111001,34.880795,137.169632,144
111001,34.880859,137.169693,145
111001,34.880966,137.169769,146
111001,34.881123,137.1698,147
111001,34.881298,137.169815,148
111001,34.881485,137.16983,149
111001,34.881668,137.16983,150
111001,34.881863,137.169846,151
111001,34.882057,137.169861,152
111001,34.882259,137.169876,153
111001,34.882462,137.169907,154
111001,34.882645,137.169937,155
111001,34.882832,137.169937,156
111001,34.882996,137.169922,157
111001,34.883121,137.169907,158
111001,34.883175,137.169907,159
111001,34.883217,137.169937,160
111001,34.883236,137.169983,161
111001,34.883213,137.170074,162
111001,34.883125,137.170166,163
111001,34.883007,137.170303,164
111001,34.882866,137.170456,165
111001,34.88271,137.170639,166
111001,34.882538,137.170822,167
111001,34.882381,137.171005,168
111001,34.882233,137.171173,169
111001,34.882095,137.171341,170
111001,34.881996,137.171463,171
111001,34.881935,137.171539,172
111001,34.881908,137.17157,173
111001,34.881882,137.171616,174
111001,34.881847,137.171646,175
111001,34.88179,137.171722,176
111001,34.881714,137.171814,177
111001,34.881615,137.171936,178
111001,34.881504,137.172058,179
111001,34.881382,137.172195,180
111001,34.881256,137.172333,181
111001,34.881142,137.17247,182
111001,34.881035,137.172592,183
111001,34.880913,137.172714,184
111001,34.880791,137.172867,185
111001,34.880653,137.173004,186
111001,34.88052,137.173157,187
111001,34.880386,137.173309,188
111001,34.880276,137.173447,189
111001,34.880196,137.173553,190
111001,34.880161,137.173599,191
111001,34.880127,137.173645,192
111001,34.880077,137.173721,193
111001,34.880005,137.173828,194
111001,34.879917,137.17395,195
111001,34.879829,137.174103,196
111001,34.879734,137.174271,197
111001,34.87965,137.174438,198
111001,34.879555,137.174637,199
111001,34.879456,137.174835,200
111001,34.879368,137.175018,201
111001,34.879292,137.175156,202
111001,34.879246,137.175247,203
111001,34.879219,137.175308,204
111001,34.879173,137.175385,205
111001,34.879116,137.175491,206
111001,34.879044,137.175629,207
111001,34.87896,137.175781,208
111001,34.878868,137.175949,209
111001,34.878784,137.176102,210
111001,34.878693,137.17627,211
111001,34.878601,137.176437,212
111001,34.878502,137.17659,213
111001,34.878433,137.176697,214
111001,34.878422,137.176788,215
111001,34.878475,137.176865,216
111001,34.878567,137.176941,217
111001,34.878689,137.177032,218
111001,34.878826,137.17717,219
111001,34.878937,137.177307,220
111001,34.879009,137.177414,221
111001,34.879032,137.17746,222
111001,34.879044,137.177521,223
111001,34.879005,137.177612,224
111001,34.878922,137.177734,225
111001,34.878803,137.177887,226
111001,34.878685,137.178055,227
111001,34.878578,137.178192,228
111001,34.878487,137.178329,229
111001,34.878399,137.178482,230
111001,34.878307,137.17865,231
111001,34.878204,137.178833,232
111001,34.878113,137.179031,233
111001,34.878056,137.179199,234
111001,34.878036,137.179245,235
111001,34.877998,137.179321,236
111001,34.877945,137.179428,237
111001,34.877895,137.179581,238
111001,34.877842,137.179749,239
111001,34.877789,137.179901,240
111001,34.877739,137.180069,241
111001,34.877686,137.180252,242
111001,34.877625,137.18045,243
111001,34.87756,137.180664,244
111001,34.877491,137.180878,245
111001,34.877419,137.181107,246
111001,34.87735,137.181305,247
111001,34.877285,137.181503,248
111001,34.877232,137.181686,249
111001,34.877186,137.181839,250
111001,34.87714,137.181992,251
111001,34.877125,137.182083,252
111001,34.877071,137.182159,253
111001,34.877029,137.182281,254
111001,34.876972,137.182465,255
111001,34.876907,137.182678,256
111001,34.876839,137.182892,257
111001,34.87677,137.183121,258
111001,34.876701,137.183334,259
111001,34.876633,137.183548,260
111001,34.876572,137.183731,261
111001,34.876507,137.183945,262
111001,34.876427,137.184143,263
111001,34.87635,137.184341,264
111001,34.876274,137.184525,265
111001,34.876194,137.184723,266
111001,34.876106,137.184906,267
111001,34.876022,137.185089,268
111001,34.875954,137.185257,269
111001,34.875885,137.185394,270
111001,34.875843,137.185486,271
111001,34.875828,137.185532,272
111001,34.875862,137.185623,273
111001,34.875965,137.185669,274
111001,34.876114,137.185715,275
111001,34.876282,137.185776,276
111001,34.876442,137.185852,277
111001,34.876598,137.185913,278
111001,34.876751,137.185974,279
111001,34.876869,137.186005,280
111001,34.876953,137.186035,281
111001,34.876999,137.18605,282
111001,34.877052,137.18605,283
111001,34.877098,137.186066,284
111001,34.877144,137.186081,285
111001,34.877186,137.186111,286
111001,34.877201,137.186218,287
111001,34.877178,137.18634,288
111001,34.877125,137.186523,289
111001,34.877048,137.186768,290
111001,34.876968,137.187042,291
111001,34.876881,137.187332,292
111001,34.876789,137.187637,293
111001,34.876698,137.187943,294
111001,34.876617,137.188248,295
111001,34.876568,137.188538,296
111001,34.876541,137.188766,297
111001,34.87653,137.188919,298
111001,34.876575,137.18898,299
111001,34.876656,137.189072,300
111001,34.876759,137.189178,301
111001,34.876877,137.18927,302
111001,34.87698,137.189316,303
111001,34.877048,137.189331,304
111001,34.877113,137.189301,305
111001,34.877155,137.189209,306
111001,34.877197,137.189041,307
111001,34.877266,137.188797,308
111001,34.877346,137.188507,309
111001,34.87743,137.188217,310
111001,34.877518,137.187912,311
111001,34.877605,137.187607,312
111001,34.877697,137.187302,313
111001,34.877785,137.187012,314
111001,34.877865,137.186783,315
111001,34.877918,137.18663,316
111001,34.877937,137.186523,317
111001,34.877975,137.186447,318
111001,34.878044,137.186417,319
111001,34.878147,137.186447,320
111001,34.878304,137.186508,321
111001,34.87849,137.1866,322
111001,34.878693,137.186691,323
111001,34.878914,137.186798,324
111001,34.879135,137.18689,325
111001,34.879356,137.186981,326
111001,34.879589,137.187088,327
111001,34.879822,137.187164,328
111001,34.880062,137.18721,329
111001,34.880302,137.187225,330
111001,34.880539,137.187256,331
111001,34.880775,137.187302,332
111001,34.881004,137.187424,333
111001,34.881229,137.187607,334
111001,34.881458,137.18779,335
111001,34.881714,137.187943,336
111001,34.881985,137.18808,337
111001,34.882263,137.188187,338
111001,34.882549,137.188293,339
111001,34.882835,137.188385,340
111001,34.883125,137.188477,341
111001,34.8834,137.188568,342
111001,34.883678,137.18866,343
111001,34.883945,137.188751,344
111001,34.884205,137.188843,345
111001,34.88446,137.18895,346
111001,34.884682,137.189102,347
111001,34.88488,137.18927,348
111001,34.885056,137.189468,349
111001,34.885235,137.189667,350
111001,34.885414,137.189835,351
111001,34.88562,137.189987,352
111001,34.885838,137.190109,353
111001,34.886063,137.190216,354
111001,34.886295,137.190338,355
111001,34.886532,137.19046,356
111001,34.886768,137.190598,357
111001,34.887009,137.19072,358
111001,34.887241,137.190842,359
111001,34.88744,137.190948,360
111001,34.887577,137.19101,361
111001,34.887665,137.190994,362
111001,34.887741,137.190903,363
111001,34.88784,137.190765,364
111001,34.88797,137.190598,365
111001,34.888119,137.19043,366
111001,34.888283,137.190277,367
111001,34.888412,137.190079,368
111001,34.888515,137.18985,369
111001,34.888592,137.189606,370
111001,34.888657,137.189392,371
111001,34.888752,137.189178,372
111001,34.88887,137.18898,373
111001,34.88903,137.188812,374
111001,34.889198,137.188675,375
111001,34.889366,137.188522,376
111001,34.889492,137.188324,377
111001,34.88961,137.188126,378
111001,34.889744,137.187927,379
111001,34.889904,137.187775,380
111001,34.890064,137.187622,381
111001,34.890228,137.187454,382
111001,34.890404,137.187332,383
111001,34.890591,137.187256,384
111001,34.890785,137.187164,385
111001,34.89098,137.187073,386
111001,34.891151,137.186935,387
111001,34.8913,137.186768,388
111001,34.891426,137.186569,389
111001,34.891541,137.186371,390
111001,34.89164,137.186234,391
111001,34.891697,137.186172,392
111001,34.891735,137.186127,393
111001,34.891773,137.186111,394
111001,34.891846,137.186127,395
111001,34.891926,137.186203,396
111001,34.892036,137.18634,397
111001,34.892197,137.186493,398
111001,34.892395,137.186646,399
111001,34.892601,137.186783,400
111001,34.892815,137.186935,401
111001,34.893017,137.187073,402
111001,34.893208,137.18721,403
111001,34.893387,137.187347,404
111001,34.893581,137.187485,405
111001,34.89378,137.187622,406
111001,34.89397,137.187759,407
111001,34.894176,137.187897,408
111001,34.894394,137.188034,409
111001,34.894619,137.188187,410
111001,34.894848,137.188339,411
111001,34.895077,137.188492,412
111001,34.895302,137.188644,413
111001,34.895531,137.188797,414
111001,34.895752,137.18895,415
111001,34.895954,137.189072,416
111001,34.896164,137.189102,417
111001,34.896358,137.189056,418
111001,34.896511,137.188919,419
111001,34.896618,137.188751,420
111001,34.896675,137.188553,421
111001,34.896683,137.188354,422
111001,34.896698,137.188156,423
111001,34.896751,137.188004,424
111001,34.896843,137.187897,425
111001,34.896931,137.187851,426
111001,34.896969,137.18782,427
111001,34.897011,137.187744,428
111001,34.896999,137.187653,429
111001,34.896992,137.187515,430
111001,34.897018,137.187332,431
111001,34.897045,137.187149,432
111001,34.897057,137.186935,433
111001,34.897053,137.186707,434
111001,34.897038,137.186493,435
111001,34.896992,137.18631,436
111001,34.896935,137.186127,437
111001,34.896912,137.185928,438
111001,34.896904,137.18573,439
111001,34.8969,137.185547,440
111001,34.896931,137.185333,441
111001,34.896973,137.185135,442
111001,34.897022,137.184921,443
111001,34.89706,137.184723,444
111001,34.897099,137.184525,445
111001,34.897163,137.184341,446
111001,34.897228,137.184143,447
111001,34.897285,137.18396,448
111001,34.897346,137.183777,449
111001,34.897396,137.183624,450
111001,34.89743,137.183441,451
111001,34.897438,137.183243,452
111001,34.89743,137.182999,453
111001,34.897423,137.18277,454
111001,34.897381,137.182587,455
111001,34.897278,137.182434,456
111001,34.897152,137.182281,457
111001,34.897007,137.182175,458
111001,34.896832,137.182098,459
111001,34.896652,137.182022,460
111001,34.896465,137.181946,461
111001,34.896267,137.181885,462
111001,34.896076,137.181808,463
111001,34.895889,137.181732,464
111001,34.895718,137.181671,465
111001,34.89555,137.181595,466
111001,34.895393,137.181473,467
111001,34.895267,137.181351,468
111001,34.895195,137.181259,469
111001,34.895157,137.181213,470
111001,34.895138,137.181168,471
111001,34.895138,137.181076,472
111001,34.895184,137.180954,473
111001,34.895248,137.180817,474
111001,34.895313,137.180679,475
111001,34.895378,137.180511,476
111001,34.895435,137.180389,477
111001,34.895473,137.180298,478
111001,34.895496,137.180252,479
111001,34.895535,137.180161,480
111001,34.895576,137.180099,481
111001,34.895603,137.180023,482
111001,34.895569,137.179947,483
111001,34.895477,137.179871,484
111001,34.895329,137.179764,485
111001,34.895161,137.179657,486
111001,34.894978,137.179535,487
111001,34.89481,137.179413,488
111001,34.894634,137.179291,489
111001,34.894447,137.179153,490
111001,34.894272,137.179016,491
111001,34.894127,137.178925,492
111001,34.894058,137.178864,493
111001,34.894035,137.178787,494
111001,34.894089,137.178665,495
111001,34.89418,137.178482,496
111001,34.894272,137.178284,497
111001,34.89436,137.178101,498
111001,34.894428,137.177948,499
111001,34.894478,137.177856,500
111001,34.894531,137.177811,501
111001,34.8946,137.177811,502
111001,34.894691,137.177872,503
111001,34.894817,137.177979,504
111001,34.894978,137.178085,505
111001,34.895145,137.178192,506
111001,34.895321,137.178329,507
111001,34.895508,137.178452,508
111001,34.895695,137.178589,509
111001,34.895866,137.178726,510
111001,34.896023,137.178848,511
111001,34.896107,137.178909,512
111001,34.896137,137.17894,513
111001,34.896229,137.178909,514
111001,34.896282,137.178802,515
111001,34.89637,137.178635,516
111001,34.896473,137.178467,517
111001,34.896591,137.178268,518
111001,34.896687,137.178116,519
111001,34.896782,137.177948,520
111001,34.896881,137.17775,521
111001,34.896984,137.177582,522
111001,34.897079,137.177429,523
111001,34.897152,137.177292,524
111001,34.897224,137.177246,525
111001,34.897308,137.177261,526
111001,34.897373,137.177353,527
111001,34.897434,137.17746,528
111001,34.897442,137.177612,529
111001,34.897411,137.177811,530
111001,34.897366,137.178024,531
111001,34.897316,137.178162,532
111001,34.89732,137.178253,533
111001,34.897388,137.178329,534
111001,34.897507,137.178421,535
111001,34.897629,137.178513,536
111001,34.897717,137.178574,537
111001,34.897785,137.178635,538
111001,34.897903,137.178726,539
111001,34.898048,137.178833,540
111001,34.898239,137.17897,541
111001,34.898441,137.179123,542
111001,34.898651,137.179276,543
111001,34.898857,137.179428,544
111001,34.899059,137.179565,545
111001,34.899258,137.179718,546
111001,34.899422,137.17984,547
111001,34.899513,137.179901,548
111001,34.899593,137.179901,549
111001,34.899624,137.17984,550
111001,34.899647,137.179703,551
111001,34.899677,137.179489,552
111001,34.899715,137.17923,553
111001,34.899761,137.17894,554
111001,34.899803,137.17865,555
111001,34.899834,137.17836,556
111001,34.899849,137.178085,557
111001,34.899822,137.177826,558
111001,34.899765,137.177597,559
111001,34.899712,137.177368,560
111001,34.899696,137.177231,561
111001,34.899712,137.177155,562
111001,34.899757,137.177124,563
111001,34.899849,137.177109,564
111001,34.899975,137.177139,565
111001,34.900146,137.177155,566
111001,34.900341,137.177139,567
111001,34.900555,137.177124,568
111001,34.900772,137.177155,569
111001,34.900997,137.177216,570
111001,34.90123,137.177322,571
111001,34.901463,137.177414,572
111001,34.901669,137.177521,573
111001,34.901844,137.177597,574
111001,34.901943,137.177658,575
111001,34.901981,137.177673,576
111001,34.902054,137.177719,577
111001,34.90213,137.177765,578
111001,34.902248,137.177841,579
111001,34.902382,137.177948,580
111001,34.902538,137.178055,581
111001,34.902706,137.178192,582
111001,34.902889,137.178345,583
111001,34.903076,137.178482,584
111001,34.903275,137.178635,585
111001,34.903477,137.178802,586
111001,34.903683,137.17897,587
111001,34.903896,137.179138,588
111001,34.904099,137.179321,589
111001,34.904289,137.17952,590
111001,34.904476,137.179718,591
111001,34.904659,137.179932,592
111001,34.904839,137.18013,593
111001,34.90501,137.180328,594
111001,34.905144,137.180573,595
111001,34.905239,137.180817,596
111001,34.9053,137.181076,597
111001,34.905342,137.181305,598
111001,34.905434,137.181488,599
111001,34.905571,137.181595,600
111001,34.90575,137.181641,601
111001,34.90596,137.181641,602
111001,34.906197,137.181625,603
111001,34.906441,137.181625,604
111001,34.906689,137.181625,605
111001,34.906925,137.181656,606
111001,34.907139,137.181686,607
111001,34.907333,137.181671,608
111001,34.907497,137.181564,609
111001,34.907639,137.181396,610
111001,34.907772,137.181213,611
111001,34.907906,137.18103,612
111001,34.908035,137.180908,613
111001,34.908115,137.180801,614
111001,34.908154,137.180649,615
111001,34.908165,137.18045,616
111001,34.9081,137.180267,617
111001,34.908012,137.180084,618
111001,34.907982,137.179901,619
111001,34.907974,137.179688,620
111001,34.907982,137.179459,621
111001,34.908012,137.179245,622
111001,34.908077,137.179031,623
111001,34.908173,137.178802,624
111001,34.90831,137.178574,625
111001,34.908474,137.17836,626
111001,34.908642,137.178177,627
111001,34.908825,137.177979,628
111001,34.908978,137.177811,629
111001,34.909077,137.177628,630
111001,34.909096,137.177399,631
111001,34.909035,137.17717,632
111001,34.908913,137.176987,633
111001,34.908772,137.176788,634
111001,34.908619,137.176575,635
111001,34.908459,137.176346,636
111001,34.908291,137.176102,637
111001,34.908127,137.175873,638
111001,34.907955,137.175644,639
111001,34.90778,137.175385,640
111001,34.907612,137.17511,641
111001,34.90744,137.174866,642
111001,34.907246,137.174637,643
111001,34.907063,137.174423,644
111001,34.906902,137.174286,645
111001,34.906689,137.174179,646
111001,34.906475,137.174133,647
111001,34.906288,137.174088,648
111001,34.906113,137.173981,649
111001,34.905994,137.173904,650
111001,34.905937,137.173859,651
111001,34.905895,137.173828,652
111001,34.905838,137.173767,653
111001,34.905754,137.173691,654
111001,34.90564,137.173599,655
111001,34.90551,137.173492,656
111001,34.905365,137.173386,657
111001,34.905224,137.173279,658
111001,34.905128,137.173203,659
111001,34.905083,137.173172,660
111001,34.905037,137.173126,661
111001,34.90498,137.173096,662
111001,34.904926,137.173035,663
111001,34.904888,137.172974,664
111001,34.9049,137.172867,665
111001,34.904976,137.172791,666
111001,34.905102,137.172745,667
111001,34.905254,137.172684,668
111001,34.905411,137.172623,669
111001,34.905556,137.172577,670
111001,34.90564,137.172546,671
111001,34.90567,137.172485,672
111001,34.905659,137.172424,673
111001,34.905624,137.172363,674
111001,34.905563,137.172287,675
111001,34.905495,137.172226,676
111001,34.905415,137.172165,677
111001,34.90535,137.172119,678
111001,34.905323,137.172089,679
111001,34.905243,137.172012,680
111001,34.905159,137.171951,681
111001,34.905052,137.171906,682
111001,34.904926,137.171875,683
111001,34.904804,137.171829,684
111001,34.904705,137.171799,685
111001,34.904652,137.171814,686
111001,34.90461,137.171875,687
111001,34.904613,137.171997,688
111001,34.90464,137.17215,689
111001,34.904675,137.172318,690
111001,34.904716,137.17247,691
111001,34.904758,137.172577,692
111001,34.904778,137.172623,693
111001,34.904812,137.172714,694
111001,34.904839,137.172791,695
111001,34.904861,137.172867,696
111001,34.904842,137.172974,697
111001,34.904758,137.173035,698
111001,34.904613,137.173096,699
111001,34.904427,137.173172,700
111001,34.904217,137.173248,701
111001,34.903996,137.173325,702
111001,34.90377,137.173416,703
111001,34.903542,137.173508,704
111001,34.903313,137.173599,705
111001,34.903095,137.173676,706
111001,34.902897,137.173752,707
111001,34.902721,137.173828,708
111001,34.902588,137.173874,709
111001,34.902451,137.173935,710
111001,34.902367,137.173965,711
111001,34.902325,137.173965,712
111001,34.902241,137.173965,713
111001,34.902168,137.173889,714
111001,34.902065,137.173767,715
111001,34.901947,137.17363,716
111001,34.901817,137.173492,717
111001,34.901714,137.17337,718
111001,34.901558,137.173203,719
111001,34.901443,137.17305,720
111001,34.901314,137.172897,721
111001,34.901173,137.172745,722
111001,34.901031,137.172562,723
111001,34.900925,137.172424,724
111001,34.900806,137.172272,725
111001,34.900711,137.172165,726
111001,34.900612,137.172058,727
111001,34.900505,137.171967,728
111001,34.900433,137.171906,729
111001,34.900402,137.171875,730
111001,34.900352,137.171829,731
111001,34.90028,137.171768,732
111001,34.900173,137.171661,733
111001,34.90007,137.171585,734
111001,34.899998,137.171509,735
111001,34.89999,137.171402,736
111001,34.900047,137.171265,737
111001,34.900146,137.171066,738
111001,34.900261,137.170837,739
111001,34.900379,137.170609,740
111001,34.900501,137.170349,741
111001,34.900627,137.170105,742
111001,34.900768,137.169846,743
111001,34.900887,137.169617,744
111001,34.900967,137.169464,745
111001,34.901001,137.169418,746
111001,34.901031,137.169373,747
111001,34.901073,137.169296,748
111001,34.901173,137.169113,749
111001,34.901268,137.168915,750
111001,34.901375,137.168686,751
111001,34.901478,137.168488,752
111001,34.901546,137.16835,753
111001,34.901604,137.168228,754
111001,34.901684,137.168076,755
111001,34.901787,137.167862,756
111001,34.90189,137.167648,757
111001,34.901989,137.16745,758
111001,34.902039,137.167343,759
111001,34.902061,137.167297,760
111001,34.902088,137.167236,761
111001,34.902065,137.16716,762
111001,34.901974,137.167114,763
111001,34.901829,137.167007,764
111001,34.901657,137.166885,765
111001,34.901463,137.166748,766
111001,34.901272,137.166626,767
111001,34.901093,137.166489,768
111001,34.900967,137.166412,769
111001,34.900909,137.166367,770
111001,34.900837,137.166351,771
111001,34.900776,137.166428,772
111001,34.900726,137.166595,773
111001,34.900639,137.166809,774
111001,34.900532,137.167038,775
111001,34.900417,137.167313,776
111001,34.900291,137.167587,777
111001,34.900169,137.167892,778
111001,34.900043,137.168182,779
111001,34.899921,137.168457,780
111001,34.899803,137.168716,781
111001,34.8997,137.168991,782
111001,34.899593,137.16925,783
111001,34.899487,137.169495,784
111001,34.899395,137.169708,785
111001,34.899323,137.169876,786
111001,34.899277,137.169952,787
111001,34.899242,137.169998,788
111001,34.899197,137.170059,789
111001,34.899113,137.170135,790
111001,34.899002,137.170227,791
111001,34.898872,137.170288,792
111001,34.898708,137.170319,793
111001,34.89851,137.170319,794
111001,34.898323,137.170303,795
111001,34.898136,137.170242,796
111001,34.897945,137.170151,797
111001,34.897758,137.170044,798
111001,34.89756,137.169952,799
111001,34.89735,137.169846,800
111001,34.897133,137.169724,801
111001,34.896912,137.169617,802
111001,34.896683,137.16951,803
111001,34.896458,137.169388,804
111001,34.896225,137.169281,805
111001,34.895992,137.169174,806
111001,34.89576,137.169067,807
111001,34.895519,137.168976,808
111001,34.895287,137.168884,809
111001,34.895042,137.168777,810
111001,34.894798,137.168686,811
111001,34.894558,137.168594,812
111001,34.894321,137.168503,813
111001,34.894085,137.168396,814
111001,34.893852,137.168304,815
111001,34.893635,137.168228,816
111001,34.89344,137.168137,817
111001,34.893288,137.168076,818
111001,34.893169,137.16803,819
111001,34.893082,137.167984,820
111001,34.893017,137.167969,821
111001,34.892963,137.167938,822
111001,34.892883,137.167908,823
111001,34.892811,137.167877,824
111001,34.892727,137.167847,825
111001,34.89262,137.167816,826
111001,34.89249,137.16777,827
111001,34.892361,137.167679,828
111001,34.892246,137.167511,829
111001,34.892109,137.167328,830
111001,34.891949,137.167145,831
111001,34.891773,137.166977,832
111001,34.891602,137.166824,833
111001,34.89143,137.166672,834
111001,34.891266,137.166534,835
111001,34.891094,137.166382,836
111001,34.890915,137.166229,837
111001,34.890743,137.166077,838
111001,34.890572,137.165924,839
111001,34.890442,137.165817,840
111001,34.890339,137.165726,841
111001,34.890266,137.165649,842
111001,34.890228,137.165619,843
111001,34.890194,137.165588,844
111001,34.890144,137.165558,845
111001,34.890064,137.165497,846
111001,34.88995,137.165421,847
111001,34.889835,137.165329,848
111001,34.889717,137.165222,849
111001,34.889591,137.165115,850
111001,34.889469,137.165009,851
111001,34.889336,137.164886,852
111001,34.889202,137.164764,853
111001,34.889072,137.164642,854
111001,34.888943,137.164536,855
111001,34.888813,137.164413,856
111001,34.888668,137.164276,857
111001,34.888512,137.164139,858
111001,34.888351,137.163986,859
111001,34.88818,137.163849,860
111001,34.887997,137.163681,861
111001,34.887836,137.163544,862
111001,34.887695,137.163422,863
111001,34.887589,137.163345,864
111001,34.887508,137.163269,865
111001,34.88744,137.163193,866
111001,34.887363,137.163116,867
111001,34.887268,137.163025,868
111001,34.887173,137.162949,869
111001,34.887108,137.162888,870
111001,34.887074,137.162857,871
111001,34.887039,137.162827,872
111001,34.886993,137.162781,873
111001,34.886959,137.16275,874
111001,34.886932,137.162704,875
111001,34.886921,137.162628,876
111001,34.886963,137.162521,877
111001,34.887051,137.162384,878
111001,34.887157,137.162216,879
111001,34.887272,137.162033,880
111001,34.88739,137.161865,881
111001,34.887482,137.161652,882
111001,34.887535,137.161423,883
111001,34.88755,137.161194,884
111001,34.887539,137.161041,885
111001,34.88747,137.16095,886
111001,34.887375,137.160934,887
111001,34.88728,137.160919,888
111001,34.887215,137.160858,889
111001,34.887207,137.160767,890
111001,34.88726,137.160675,891
111001,34.887344,137.160645,892
111001,34.887417,137.160629,893
111001,34.88747,137.160629,894
111001,34.887535,137.160675,895
111001,34.887577,137.160751,896
111001,34.887592,137.160873,897
111001,34.887596,137.161072,898
111001,34.8876,137.161316,899
111001,34.887566,137.161575,900
111001,34.887482,137.161819,901
111001,34.88739,137.162018,902
111001,34.88731,137.16217,903
111001,34.887272,137.162231,904
111001,34.88723,137.162308,905
111001,34.887188,137.162384,906
111001,34.887146,137.16246,907
111001,34.887096,137.162537,908
111001,34.887043,137.162628,909
111001,34.88702,137.162704,910
111001,34.887054,137.162781,911
111001,34.887154,137.162888,912
111001,34.887299,137.16301,913
111001,34.887436,137.163132,914
111001,34.887585,137.163269,915
111001,34.887733,137.163391,916
111001,34.887886,137.163528,917
111001,34.888039,137.163651,918
111001,34.888191,137.163788,919
111001,34.88834,137.16391,920
111001,34.8885,137.164047,921
111001,34.888657,137.164185,922
111001,34.888805,137.164307,923
111001,34.88895,137.164429,924
111001,34.889084,137.164536,925
111001,34.889179,137.164612,926
111001,34.88924,137.164673,927
111001,34.889278,137.164703,928
111001,34.88932,137.164749,929
111001,34.889381,137.164795,930
111001,34.889477,137.164886,931
111001,34.889599,137.164993,932
111001,34.88974,137.165115,933
111001,34.889908,137.165253,934
111001,34.890083,137.165421,935
111001,34.890266,137.165588,936
111001,34.890461,137.165756,937
111001,34.890652,137.165924,938
111001,34.890793,137.166046,939
111001,34.890945,137.166168,940
111001,34.891121,137.166321,941
111001,34.891327,137.166504,942
111001,34.891548,137.166687,943
111001,34.891758,137.16687,944
111001,34.891949,137.167038,945
111001,34.89209,137.167175,946
111001,34.892189,137.167282,947
111001,34.892254,137.167358,948
111001,34.892311,137.16745,949
111001,34.892365,137.167526,950
111001,34.892406,137.167587,951
111001,34.892433,137.167648,952
111001,34.89241,137.167709,953
111001,34.89233,137.167725,954
111001,34.892197,137.167709,955
111001,34.892044,137.167694,956
111001,34.891907,137.167694,957
111001,34.891819,137.167694,958
111001,34.891773,137.167694,959
111001,34.891705,137.167679,960
111001,34.891582,137.167679,961
111001,34.891407,137.167679,962
111001,34.891205,137.167694,963
111001,34.890965,137.167755,964
111001,34.890713,137.167801,965
111001,34.890453,137.167862,966
111001,34.890198,137.167908,967
111001,34.889931,137.167969,968
111001,34.88966,137.16803,969
111001,34.889397,137.168076,970
111001,34.889137,137.168137,971
111001,34.888885,137.168182,972
111001,34.888645,137.168228,973
111001,34.888416,137.168274,974
111001,34.888191,137.16832,975
111001,34.88797,137.168365,976
111001,34.887768,137.168411,977
111001,34.887577,137.168472,978
111001,34.887424,137.168594,979
111001,34.887321,137.168747,980
111001,34.88723,137.168915,981
111001,34.887135,137.169083,982
111001,34.887035,137.169266,983
111001,34.886929,137.169479,984
111001,34.886814,137.169693,985
111001,34.8867,137.169891,986
111001,34.886543,137.170059,987
111001,34.886379,137.170212,988
111001,34.886208,137.170364,989
111001,34.886028,137.170532,990
111001,34.885853,137.170685,991
111001,34.885674,137.170853,992
111001,34.88549,137.171021,993
111001,34.885311,137.171188,994
111001,34.88512,137.171356,995
111001,34.884933,137.171524,996
111001,34.884747,137.171692,997
111001,34.884563,137.171844,998
111001,34.884365,137.171982,999
111001,34.884167,137.172104,1000
111001,34.883972,137.172226,1001
111001,34.883785,137.172333,1002
111001,34.883575,137.172379,1003
111001,34.883366,137.172394,1004
111001,34.883144,137.172409,1005
111001,34.882927,137.172424,1006
111001,34.882721,137.17244,1007
111001,34.882519,137.172455,1008
111001,34.882317,137.17247,1009
111001,34.882114,137.172485,1010
111001,34.881924,137.172501,1011
111001,34.881752,137.172501,1012
111001,34.88163,137.172501,1013
111001,34.881561,137.172485,1014
111001,34.8815,137.17247,1015
111001,34.881443,137.17247,1016
111001,34.881355,137.17244,1017
111001,34.881245,137.172424,1018
111001,34.881104,137.172394,1019
111001,34.880947,137.172363,1020
111001,34.880772,137.172333,1021
111001,34.880573,137.172287,1022
111001,34.880363,137.172226,1023
111001,34.880146,137.172165,1024
111001,34.879936,137.172119,1025
111001,34.879734,137.172058,1026
111001,34.879543,137.172012,1027
111001,34.879387,137.171982,1028
111001,34.879292,137.171982,1029
111001,34.879234,137.171982,1030
111001,34.879185,137.171951,1031
111001,34.879101,137.171921,1032
111001,34.878948,137.171875,1033
111001,34.87875,137.171829,1034
111001,34.87849,137.171768,1035
111001,34.878223,137.171707,1036
111001,34.877949,137.171631,1037
111001,34.877682,137.17157,1038
111001,34.877419,137.171509,1039
111001,34.877228,137.171463,1040
111001,34.877098,137.171432,1041
111001,34.877048,137.171432,1042
111001,34.876984,137.171402,1043
111001,34.876892,137.171371,1044
111001,34.876736,137.171341,1045
111001,34.876541,137.171295,1046
111001,34.876308,137.171234,1047
111001,34.876057,137.171173,1048
111001,34.875809,137.171127,1049
111001,34.87558,137.171066,1050
111001,34.875404,137.171036,1051
111001,34.87532,137.171021,1052
111001,34.875275,137.171005,1053
111001,34.875237,137.17099,1054
111001,34.875195,137.170975,1055
111001,34.875122,137.170959,1056
111001,34.875023,137.170929,1057
111001,34.87492,137.170898,1058
111001,34.874844,137.170883,1059
111001,34.874802,137.170914,1060
111001,34.874786,137.171005,1061
111001,34.874775,137.171173,1062
111001,34.874756,137.171402,1063
111001,34.874737,137.171661,1064
111001,34.874718,137.171921,1065
111001,34.874702,137.172134,1066
111001,34.874691,137.172318,1067
111001,34.874683,137.172485,1068
111001,34.874672,137.172668,1069
111001,34.874657,137.172897,1070
111001,34.874638,137.173111,1071
111001,34.874619,137.17334,1072
111001,34.874603,137.173569,1073
111001,34.874588,137.173782,1074
111001,34.874577,137.17395,1075
111001,34.874569,137.174088,1076
111001,34.87455,137.174179,1077
111001,34.874485,137.17421,1078
111001,34.874367,137.174194,1079
111001,34.874207,137.174164,1080
111001,34.874069,137.174149,1081
111001,34.873997,137.174133,1082
111001,34.873943,137.174133,1083
111001,34.873875,137.174118,1084
111001,34.873795,137.174103,1085
111001,34.873722,137.174088,1086
111001,34.873642,137.174088,1087
111001,34.873539,137.174103,1088
111001,34.873421,137.174149,1089
111001,34.87328,137.174164,1090
111001,34.873123,137.174149,1091
111001,34.872967,137.174118,1092
111001,34.872807,137.174072,1093
111001,34.872639,137.174026,1094
111001,34.872463,137.173981,1095
111001,34.872303,137.173935,1096
111001,34.872181,137.173904,1097
111001,34.872066,137.173889,1098
111001,34.871918,137.173843,1099
111001,34.871773,137.173813,1100
111001,34.87167,137.173782,1101
111001,34.871601,137.173767,1102
111001,34.871552,137.173767,1103
111001,34.871487,137.173889,1104
111001,34.871464,137.174057,1105
111001,34.871422,137.174301,1106
111001,34.87138,137.174576,1107
111001,34.871342,137.174835,1108
111001,34.871315,137.175003,1109
111001,34.8713,137.175095,1110
111001,34.871288,137.17514,1111
111001,34.871269,137.175217,1112
111001,34.871243,137.175385,1113
111001,34.871208,137.175598,1114
111001,34.871178,137.175781,1115
111001,34.871162,137.175903,1116
111001,34.871143,137.17601,1117
111001,34.87112,137.176132,1118
111001,34.87109,137.176315,1119
111001,34.871075,137.176468,1120
111001,34.871052,137.176666,1121
111001,34.871025,137.17688,1122
111001,34.870998,137.177139,1123
111001,34.870968,137.177429,1124
111001,34.87093,137.177719,1125
111001,34.870892,137.178009,1126
111001,34.870865,137.178238,1127
111001,34.870872,137.17836,1128
111001,34.870953,137.178452,1129
111001,34.871098,137.178528,1130
111001,34.8713,137.178635,1131
111001,34.871517,137.178757,1132
111001,34.871719,137.178864,1133
111001,34.871876,137.178955,1134
111001,34.871941,137.178986,1135
111001,34.87199,137.179016,1136
111001,34.872047,137.179077,1137
111001,34.872074,137.179214,1138
111001,34.872074,137.179398,1139
111001,34.87207,137.179596,1140
111001,34.872074,137.17981,1141
111001,34.872082,137.179993,1142
111001,34.872101,137.18013,1143
111001,34.872108,137.180206,1144
111001,34.872093,137.180344,1145
111001,34.87212,137.180481,1146
111001,34.872192,137.180679,1147
111001,34.872299,137.180878,1148
111001,34.872417,137.181076,1149
111001,34.872536,137.181229,1150
111001,34.872654,137.181351,1151
111001,34.872715,137.181396,1152
111001,34.872734,137.181442,1153
111001,34.872738,137.181519,1154
111001,34.872677,137.181656,1155
111001,34.872574,137.181824,1156
111001,34.872486,137.181946,1157
111001,34.872437,137.182022,1158
111001,34.872345,137.182068,1159
111001,34.872246,137.182007,1160
111001,34.872105,137.181854,1161
111001,34.871922,137.181671,1162
111001,34.871712,137.181473,1163
111001,34.871479,137.181244,1164
111001,34.871246,137.181015,1165
111001,34.871021,137.180817,1166
111001,34.8708,137.180603,1167
111001,34.870602,137.180405,1168
111001,34.870445,137.180252,1169
111001,34.870296,137.180099,1170
111001,34.870148,137.179962,1171
111001,34.870007,137.17981,1172
111001,34.869865,137.179672,1173
111001,34.869728,137.179535,1174
111001,34.869602,137.179413,1175
111001,34.869465,137.179291,1176
111001,34.869339,137.179153,1177
111001,34.869194,137.179016,1178
111001,34.869053,137.178879,1179
111001,34.8689,137.178726,1180
111001,34.868752,137.178574,1181
111001,34.868595,137.178406,1182
111001,34.868458,137.178238,1183
111001,34.868343,137.178101,1184
111001,34.868248,137.177963,1185
111001,34.868195,137.177887,1186
111001,34.868164,137.177841,1187
111001,34.868134,137.177795,1188
111001,34.868103,137.17775,1189
111001,34.868069,137.177704,1190
111001,34.868031,137.177643,1191
111001,34.867996,137.177597,1192
111001,34.86797,137.177551,1193
111001,34.867939,137.177505,1194
111001,34.867882,137.177414,1195
111001,34.867832,137.177338,1196
111001,34.867775,137.177261,1197
111001,34.867706,137.177155,1198
111001,34.867641,137.177048,1199
111001,34.867565,137.17691,1200
111001,34.867474,137.176773,1201
111001,34.867359,137.176605,1202
111001,34.867237,137.176407,1203
111001,34.8671,137.176193,1204
111001,34.866962,137.175964,1205
111001,34.866821,137.175735,1206
111001,34.866688,137.175537,1207
111001,34.866577,137.175354,1208
111001,34.866482,137.175201,1209
111001,34.866383,137.175064,1210
111001,34.866264,137.174896,1211
111001,34.866093,137.174728,1212
111001,34.865891,137.174576,1213
111001,34.865677,137.174423,1214
111001,34.865467,137.174255,1215
111001,34.865269,137.174072,1216
111001,34.865082,137.173874,1217
111001,34.864895,137.173676,1218
111001,34.864708,137.173462,1219
111001,34.864513,137.173248,1220
111001,34.864323,137.17305,1221
111001,34.864128,137.172836,1222
111001,34.863934,137.172623,1223
111001,34.863743,137.172424,1224
111001,34.863556,137.172211,1225
111001,34.863373,137.172012,1226
111001,34.863201,137.171829,1227
111001,34.863022,137.171631,1228
111001,34.862846,137.171448,1229
111001,34.862675,137.171295,1230
111001,34.862549,137.171188,1231
111001,34.86248,137.171127,1232
111001,34.862431,137.171097,1233
111001,34.862377,137.171066,1234
111001,34.862316,137.171021,1235
111001,34.862267,137.170975,1236
111001,34.86224,137.170929,1237
111001,34.86224,137.170822,1238
111001,34.862267,137.170685,1239
111001,34.862305,137.170471,1240
111001,34.86235,137.170258,1241
111001,34.862385,137.170029,1242
111001,34.862404,137.169769,1243
111001,34.862427,137.16951,1244
111001,34.86245,137.169266,1245
111001,34.86245,137.169006,1246
111001,34.862453,137.168777,1247
111001,34.862511,137.168564,1248
111001,34.862579,137.16835,1249
111001,34.862652,137.168121,1250
111001,34.862728,137.167892,1251
111001,34.86282,137.167648,1252
111001,34.862946,137.167435,1253
111001,34.863083,137.167236,1254
111001,34.863186,137.167023,1255
111001,34.863243,137.166794,1256
111001,34.863293,137.16655,1257
111001,34.863327,137.166351,1258
111001,34.863342,137.166245,1259
111001,34.863388,137.166168,1260
111001,34.863487,137.166138,1261
111001,34.86364,137.166138,1262
111001,34.863823,137.166138,1263
111001,34.863964,137.166138,1264
111001,34.864052,137.166122,1265
111001,34.86409,137.166031,1266
111001,34.864094,137.165878,1267
111001,34.864105,137.165771,1268
111001,34.864162,137.165695,1269
111001,34.864243,137.16568,1270
111001,34.864288,137.165741,1271
112001,34.8642972,137.1658843,1
112001,34.86430845,137.1662103,2
112001,34.86339205,137.1661954,3
112001,34.86323552,137.1671016,4
112001,34.86290565,137.1676129,5
112001,34.86250092,137.1687965,6
112001,34.86252754,137.1691093,7
112001,34.86245889,137.1700287,8
112001,34.86229947,137.170966,9
112001,34.86282303,137.1713449,10
112001,34.8638059,137.1723635,11
112001,34.86543175,137.1741681,12
112001,34.8657341,137.1743956,13
112001,34.86619282,137.1747348,14
112001,34.86645613,137.1750555,15
112001,34.86864884,137.1783809,16
112001,34.87235958,137.1819757,17
112001,34.8727238,137.1814417,18
112001,34.87244784,137.1811724,19
112001,34.87213979,137.1806088,20
112001,34.872117,137.180105,21
112001,34.8720457,137.1790071,22
112001,34.87088415,137.1784051,23
112001,34.8710123,137.177364,24
112001,34.8713379,137.175073,25
112001,34.8715336,137.1736275,26
112001,34.87303566,137.1740302,27
112001,34.87338447,137.1740812,28
112001,34.87364731,137.1739752,29
112001,34.8738884,137.174035,30
112001,34.87451642,137.1740994,31
112001,34.8747598,137.172045,32
112001,34.87483815,137.1707895,33
112001,34.876694,137.171227,34
112001,34.8795303,137.1718544,35
112001,34.88113037,137.1723175,36
112001,34.88180609,137.1724418,37
112001,34.8833874,137.1722943,38
112001,34.88381994,137.1722779,39
112001,34.88478723,137.1716227,40
112001,34.88669054,137.1698412,41
112001,34.8871124,137.1690354,42
112001,34.88747907,137.1684257,43
112001,34.89111863,137.1676595,44
112001,34.8916821,137.1676004,45
112001,34.89220684,137.1676339,46
112001,34.89227125,137.1674678,47
112001,34.89174325,137.1669248,48
112001,34.8884391,137.1641135,49
112001,34.88693949,137.1627423,50
112001,34.88741125,137.1618054,51
112001,34.88748964,137.1613564,52
112001,34.88745786,137.1609432,53
112001,34.88712786,137.1609344,54
112001,34.88714105,137.1606205,55
112001,34.8874579,137.160573,56
112001,34.88761186,137.1606865,57
112001,34.88763885,137.1611964,58
112001,34.88755686,137.1618511,59
112001,34.8870755,137.1626869,60
112001,34.8885007,137.1639955,61
112001,34.89228806,137.1673856,62
112001,34.89255146,137.1677311,63
112001,34.8956574,137.16892,64
112001,34.8976153,137.169883,65
112001,34.89832453,137.170178,66
112001,34.89890427,137.1701651,67
112001,34.89927784,137.1697845,68
112001,34.90083855,137.1662853,69
112001,34.9009877,137.1664095,70
112001,34.90214323,137.1671632,71
112001,34.90000472,137.1715123,72
112001,34.900396,137.1718115,73
112001,34.90075281,137.172098,74
112001,34.90228111,137.1738482,75
112001,34.90575431,137.1725016,76
112001,34.90558953,137.1722548,77
112001,34.9054158,137.172077,78
112001,34.90516582,137.1718652,79
112001,34.90464275,137.1717848,80
112001,34.90468245,137.1722335,81
112001,34.90487478,137.1728546,82
112001,34.90577,137.17349,83
112001,34.9063778,137.1739907,84
112001,34.90693356,137.1741172,85
112001,34.90724763,137.1744141,86
112001,34.90783159,137.1752406,87
112001,34.90870835,137.1765999,88
112001,34.90908078,137.1772382,89
112001,34.90911502,137.1774932,90
112001,34.90907343,137.1777606,91
112001,34.90877909,137.1781445,92
112001,34.90837068,137.1785313,93
112001,34.90807997,137.1790105,94
112001,34.90798481,137.1796958,95
112001,34.90803883,137.1801555,96
112001,34.90817383,137.1804068,97
112001,34.90814559,137.1807843,98
112001,34.90791361,137.1810329,99
112001,34.90740715,137.1816909,100
112001,34.90709773,137.1817308,101
112001,34.90551513,137.1816612,102
112001,34.90532552,137.1814035,103
112001,34.90518149,137.1806973,104
112001,34.90441832,137.1796778,105
112001,34.9018544,137.1776882,106
112001,34.90079333,137.1772117,107
112001,34.90017815,137.1772517,108
112001,34.89971938,137.1771538,109
112001,34.89989221,137.1780182,110
112001,34.89968741,137.1795725,111
112001,34.8995886,137.1798044,112
112001,34.89963603,137.1799544,113
112001,34.89728348,137.1782535,114
112001,34.89741338,137.177698,115
112001,34.89739037,137.1774237,116
112001,34.89720798,137.1772146,117
112001,34.89617799,137.1789832,118
112001,34.8961084,137.1788335,119
112001,34.8947401,137.1778572,120
112001,34.89451204,137.1777642,121
112001,34.89401665,137.1788296,122
112001,34.89562745,137.17997,123
112001,34.89514922,137.1810923,124
112001,34.89545963,137.1814875,125
112001,34.89706422,137.1822109,126
112001,34.89740818,137.1826258,127
112001,34.89741356,137.1833925,128
112001,34.89711917,137.1843789,129
112001,34.89688517,137.1855671,130
112001,34.89692138,137.1860365,131
112001,34.897072,137.1869123,132
112001,34.8969902,137.1874939,133
112001,34.8970646,137.1878328,134
112001,34.89674681,137.1880231,135
112001,34.89663822,137.1890119,136
112001,34.89651862,137.18931,137
112001,34.89633222,137.1893516,138
112001,34.8936225,137.187556,139
112001,34.89227446,137.1866891,140
112001,34.89174084,137.1861171,141
112001,34.89111389,137.1870817,142
112001,34.89023394,137.1874522,143
112001,34.88960818,137.1880774,144
112001,34.88932556,137.1885863,145
112001,34.88887515,137.1889664,146
112001,34.88866194,137.1893853,147
112001,34.8883709,137.1902436,148
112001,34.8880691,137.1904547,149
112001,34.88763088,137.1910289,150
112001,34.88584486,137.1901277,151
112001,34.88524456,137.1896954,152
112001,34.88461711,137.1890459,153
112001,34.88293841,137.1884691,154
112001,34.88137352,137.1878522,155
112001,34.88078028,137.1873591,156
112001,34.880107,137.1872452,157
112001,34.87951331,137.1871228,158
112001,34.87792315,137.1864485,159
112001,34.87706266,137.1894842,160
112001,34.8768568,137.1891868,161
112001,34.87653642,137.1888975,162
112001,34.87657073,137.1884196,163
112001,34.87720213,137.1861677,164
112001,34.87580898,137.1855564,165
112001,34.8760911,137.1849543,166
112001,34.87665075,137.183524,167
112001,34.8775038,137.1808505,168
112001,34.87784622,137.1796709,169
112001,34.8781243,137.178951,170
112001,34.87846896,137.1782808,171
112001,34.87906117,137.1774738,172
112001,34.8788507,137.1771265,173
112001,34.8785424,137.1768647,174
112001,34.87833258,137.176724,175
112001,34.8801794,137.17363,176
112001,34.8831311,137.1700613,177
112001,34.88317013,137.1699809,178
112001,34.88267558,137.1699774,179
112001,34.88236655,137.1698964,180
112001,34.88112207,137.1698412,181
112001,34.88085175,137.1696608,182
112001,34.8808175,137.1695584,183
112001,34.88073354,137.1695046,184
112001,34.88097093,137.1691067,185
112001,34.8816008,137.1672302,186
112001,34.88164641,137.1670165,187
112001,34.8793389,137.1660501,188
112001,34.87875355,137.1658813,189
112001,34.87782382,137.1655742,190
112001,34.8759723,137.1644515,191
112001,34.87473501,137.163809,192
112001,34.8733191,137.1630203,193
112001,34.87264628,137.1626575,194
112001,34.87193231,137.1624224,195
112001,34.8712312,137.162401,196
112001,34.86950413,137.1625761,197
112001,34.86540852,137.1636627,198
112001,34.86601417,137.1659508,199
112001,34.86562379,137.1661799,200
112001,34.8640804,137.1661479,201
112001,34.86407133,137.1656881,202
112001,34.86427654,137.1657031,203
112001,34.8642972,137.1658843,204
121001,34.8642972,137.1658843,1
121001,34.86430845,137.1662103,2
121001,34.86339205,137.1661954,3
121001,34.86323552,137.1671016,4
121001,34.86290565,137.1676129,5
121001,34.86250092,137.1687965,6
121001,34.86252754,137.1691093,7
121001,34.86245889,137.1700287,8
121001,34.86229947,137.170966,9
121001,34.86282303,137.1713449,10
121001,34.8638059,137.1723635,11
121001,34.86543175,137.1741681,12
121001,34.8657341,137.1743956,13
121001,34.86623853,137.1747717,14
121001,34.86645696,137.1750729,15
121001,34.86691893,137.1745538,16
121001,34.86741752,137.1735679,17
121001,34.8685542,137.170862,18
121001,34.86883699,137.170262,19
121001,34.86882043,137.1696389,20
121001,34.86939309,137.1681794,21
121001,34.8687412,137.167777,22
121001,34.86597656,137.1660991,23
121001,34.86482454,137.1617528,24
121001,34.8638248,137.161936,25
121001,34.86321132,137.1622018,26
121001,34.86343299,137.163238,27
121001,34.860013,137.164097,28
121001,34.85965695,137.164138,29
121001,34.85958155,137.1635927,30
121001,34.85700574,137.1643335,31
121001,34.8563088,137.162483,32
121001,34.85597143,137.1615538,33
121001,34.85505797,137.161985,34
121001,34.85482422,137.1612567,35
121001,34.8533836,137.161474,36
121001,34.84983259,137.1622067,37
121001,34.84916137,137.1621852,38
121001,34.8474493,137.163116,39
121001,34.84709381,137.1634079,40
121001,34.84617746,137.1623187,41
121001,34.84578879,137.1611784,42
121001,34.84515058,137.1604694,43
121001,34.84420432,137.1509731,44
121001,34.84336677,137.1513408,45
121001,34.8434034,137.1507,46
121001,34.84349237,137.1504137,47
121001,34.84410177,137.1499124,48
121001,34.84416537,137.1491309,49
121001,34.84439579,137.14865,50
121001,34.84543152,137.1475572,51
121001,34.84636687,137.14465,52
121001,34.84682992,137.1434941,53
121001,34.84702982,137.1425025,54
121001,34.84727711,137.1397016,55
121001,34.84754818,137.1396442,56
121001,34.8476401,137.1394452,57
121001,34.8475194,137.1388876,58
121001,34.84769641,137.1379339,59
121001,34.84790603,137.1376426,60
121001,34.84814506,137.1375791,61
121001,34.84824773,137.1376994,62
121001,34.84821398,137.1379381,63
121001,34.84834795,137.138095,64
121001,34.8483518,137.138378,65
121001,34.84828596,137.1387757,66
121001,34.84772313,137.1386877,67
121001,34.84782235,137.1379767,68
121001,34.84809201,137.1379743,69
121001,34.84817373,137.1377858,70
121001,34.84810203,137.1376819,71
121001,34.84788502,137.1377181,72
121001,34.84774653,137.1379481,73
121001,34.84758116,137.1388564,74
121001,34.84769267,137.1394112,75
121001,34.84758616,137.1396803,76
121001,34.84727062,137.1397787,77
121001,34.84753074,137.1370191,78
121001,34.84761042,137.13659,79
121001,34.84796004,137.1359106,80
121001,34.84917322,137.1352784,81
121001,34.85165973,137.1351971,82
121001,34.85193383,137.1350975,83
121001,34.85284333,137.1345424,84
121001,34.85363542,137.1343407,85
121001,34.85423001,137.1337174,86
121001,34.85479983,137.1329009,87
121001,34.8552679,137.13139,88
121001,34.85557561,137.1313766,89
121001,34.85571539,137.1314405,90
121001,34.85603958,137.1318195,91
121001,34.85617446,137.1314272,92
121001,34.8560975,137.131286,93
121001,34.85619569,137.131376,94
121001,34.85616521,137.1297758,95
121001,34.85623238,137.1294347,96
121001,34.85655031,137.1296177,97
121001,34.8566554,137.1297228,98
121001,34.85678399,137.1296475,99
121001,34.85691679,137.1299425,100
121001,34.85726598,137.1319411,101
121001,34.85762648,137.1326165,102
121001,34.85909485,137.1338072,103
121001,34.85976672,137.1342573,104
121001,34.86162078,137.1345318,105
121001,34.86225337,137.1345768,106
121001,34.86311777,137.134476,107
121001,34.86329486,137.1345647,108
121001,34.86345334,137.1347317,109
121001,34.86355372,137.135013,110
121001,34.8635594,137.1353124,111
121001,34.86316374,137.1378229,112
121001,34.86330915,137.1387069,113
121001,34.86425359,137.1401404,114
121001,34.86502233,137.1410047,115
121001,34.8687434,137.142538,116
121001,34.87130281,137.1434814,117
121001,34.8700429,137.147299,118
121001,34.86918019,137.1500218,119
121001,34.86803935,137.1516597,120
121001,34.86789921,137.1517755,121
121001,34.86778618,137.1515803,122
121001,34.86662433,137.1521439,123
121001,34.86523206,137.1528379,124
121001,34.8636752,137.153889,125
121001,34.8624724,137.154663,126
121001,34.86214587,137.1549427,127
121001,34.86322877,137.1570818,128
121001,34.86389813,137.1581282,129
121001,34.86417513,137.1587552,130
121001,34.86536975,137.1636075,131
121001,34.86954694,137.1624866,132
121001,34.8712312,137.162401,133
121001,34.87179313,137.1623204,134
121001,34.8727475,137.1626385,135
121001,34.87356683,137.1631007,136
121001,34.87355881,137.1639309,137
121001,34.8733713,137.164511,138
121001,34.8716856,137.173035,139
121001,34.87159787,137.1736522,140
121001,34.87307693,137.1740733,141
121001,34.87359412,137.1739806,142
121001,34.8738884,137.174035,143
121001,34.87454714,137.1740949,144
121001,34.87439569,137.1759143,145
121001,34.8747572,137.1788299,146
121001,34.87488465,137.1794449,147
121001,34.87477959,137.1798705,148
121001,34.8746498,137.180081,149
121001,34.87427829,137.1811254,150
121001,34.87342897,137.1830709,151
121001,34.87321001,137.1832825,152
121001,34.87256943,137.1823197,153
121001,34.87232485,137.1820402,154
121001,34.87276172,137.1814105,155
121001,34.87230584,137.1809793,156
121001,34.87207651,137.1804762,157
121001,34.872117,137.180105,158
121001,34.8720457,137.1790071,159
121001,34.87088415,137.1784051,160
121001,34.8710123,137.177364,161
121001,34.87106027,137.1765486,162
121001,34.86319085,137.1770401,163
121001,34.86260568,137.177897,164
121001,34.86227902,137.1785345,165
121001,34.8621104,137.17996,166
121001,34.86200642,137.1797656,167
121001,34.860189,137.179306,168
121001,34.85956225,137.1828311,169
121001,34.8595261,137.1836882,170
121001,34.8593687,137.1841749,171
121001,34.8592867,137.18401,172
121001,34.85906199,137.1839281,173
121001,34.85904143,137.1834791,174
121001,34.85899667,137.1832654,175
121001,34.85915279,137.1806966,176
121001,34.85857228,137.1806041,177
121001,34.85892321,137.1769777,178
121001,34.85724633,137.1757748,179
121001,34.85675507,137.1750707,180
121001,34.8563533,137.1757688,181
121001,34.85630081,137.1765246,182
121001,34.8564386,137.176548,183
121001,34.85655753,137.1766001,184
121001,34.85728,137.1756439,185
121001,34.85744418,137.175765,186
121001,34.85891455,137.1767805,187
121001,34.8589609,137.175001,188
121001,34.85934282,137.1738213,189
121001,34.85981944,137.1716083,190
121001,34.85991821,137.1703723,191
121001,34.86108151,137.1704317,192
121001,34.8617032,137.17061,193
121001,34.86223428,137.1709049,194
121001,34.86238657,137.1700435,195
121001,34.86239901,137.1693398,196
121001,34.86243987,137.1691411,197
121001,34.86246713,137.1687646,198
121001,34.86283679,137.1676515,199
121001,34.86317785,137.167091,200
121001,34.863366,137.1661226,201
121001,34.86403287,137.1661196,202
121001,34.86404753,137.1656463,203
121001,34.86426573,137.1656664,204
121001,34.8642972,137.1658843,205
122001,34.8642972,137.1658843,1
122001,34.86428009,137.1661746,2
122001,34.86342129,137.166229,3
122001,34.86325252,137.1670999,4
122001,34.86292427,137.167609,5
122001,34.8625092,137.1687976,6
122001,34.86254236,137.1691216,7
122001,34.86228954,137.1710327,8
122001,34.8617076,137.170728,9
122001,34.86106459,137.1705364,10
122001,34.85993373,137.1704243,11
122001,34.8598685,137.1714889,12
122001,34.859364,137.1738255,13
122001,34.85902173,137.1747576,14
122001,34.8590159,137.175113,15
122001,34.85893811,137.1770001,16
122001,34.85779096,137.1762652,17
122001,34.85673703,137.1750574,18
122001,34.85638449,137.1757394,19
122001,34.85630042,137.1765235,20
122001,34.8564386,137.176548,21
122001,34.85658246,137.1765667,22
122001,34.85730713,137.1755913,23
122001,34.85800801,137.1762344,24
122001,34.85896303,137.1768198,25
122001,34.85878178,137.1789021,26
122001,34.85855032,137.1805965,27
122001,34.85916087,137.1806604,28
122001,34.85906943,137.1827906,29
122001,34.85895161,137.183855,30
122001,34.85919058,137.1840904,31
122001,34.8592867,137.18401,32
122001,34.85941986,137.1840511,33
122001,34.85958598,137.1829319,34
122001,34.85960303,137.1827081,35
122001,34.860189,137.179306,36
122001,34.86127403,137.1795535,37
122001,34.86198309,137.1797705,38
122001,34.8621104,137.17996,39
122001,34.86217309,137.1790832,40
122001,34.86237744,137.1782857,41
122001,34.86259969,137.1777915,42
122001,34.86331302,137.1769087,43
122001,34.87107057,137.1764656,44
122001,34.8710123,137.177364,45
122001,34.87091738,137.178351,46
122001,34.87205668,137.1790008,47
122001,34.872117,137.180105,48
122001,34.87213399,137.1805242,49
122001,34.87242626,137.1810839,50
122001,34.87276958,137.1814747,51
122001,34.87238329,137.1820306,52
122001,34.87287094,137.1825906,53
122001,34.87321563,137.1832054,54
122001,34.87340709,137.1829947,55
122001,34.8746498,137.180081,56
122001,34.87483126,137.1794677,57
122001,34.87442225,137.1765977,58
122001,34.87432293,137.1758324,59
122001,34.87450876,137.1741835,60
122001,34.8738884,137.174035,61
122001,34.87355048,137.174029,62
122001,34.8731435,137.1741144,63
122001,34.87156114,137.1736761,64
122001,34.8716152,137.173099,65
122001,34.87220357,137.1698035,66
122001,34.8733713,137.164511,67
122001,34.87349079,137.1637218,68
122001,34.87354433,137.1631267,69
122001,34.87235417,137.1625356,70
122001,34.87179602,137.162378,71
122001,34.8712312,137.162401,72
122001,34.8694608,137.1625739,73
122001,34.86529545,137.1636869,74
122001,34.86413155,137.1588448,75
122001,34.86362871,137.1577317,76
122001,34.86304132,137.1567214,77
122001,34.8620902,137.1549041,78
122001,34.8624724,137.154663,79
122001,34.8636752,137.153889,80
122001,34.86539017,137.1526546,81
122001,34.86769076,137.1515932,82
122001,34.86794111,137.1517316,83
122001,34.86911011,137.1499994,84
122001,34.8697859,137.1481013,85
122001,34.8699549,137.147293,86
122001,34.87124365,137.1435125,87
122001,34.8687434,137.142538,88
122001,34.86513524,137.1411388,89
122001,34.86413832,137.1401485,90
122001,34.86322623,137.1387116,91
122001,34.86312171,137.1375189,92
122001,34.86347667,137.135098,93
122001,34.86336893,137.1347283,94
122001,34.8631891,137.1345812,95
122001,34.8621312,137.1346762,96
122001,34.8597191,137.1343873,97
122001,34.8576009,137.1326491,98
122001,34.85718121,137.1318506,99
122001,34.8568806,137.1298168,100
122001,34.85657415,137.1296951,101
122001,34.85625828,137.1294413,102
122001,34.8561863,137.1296436,103
122001,34.85622844,137.1312314,104
122001,34.8560975,137.131286,105
122001,34.85615632,137.1315409,106
122001,34.85603718,137.1318114,107
122001,34.85570534,137.1314471,108
122001,34.85559101,137.131363,109
122001,34.85533536,137.1313665,110
122001,34.854912,137.1327856,111
122001,34.8544631,137.133507,112
122001,34.85381143,137.134308,113
122001,34.8534723,137.1344927,114
122001,34.85283714,137.1346251,115
122001,34.85182328,137.135221,116
122001,34.8514888,137.1352983,117
122001,34.84937509,137.1353011,118
122001,34.84813004,137.1358534,119
122001,34.84776078,137.1363367,120
122001,34.84754462,137.1370012,121
122001,34.84733094,137.1395394,122
122001,34.84741639,137.139687,123
122001,34.84761579,137.139588,124
122001,34.84763201,137.1393595,125
122001,34.84753157,137.1389052,126
122001,34.84755701,137.1385525,127
122001,34.84773109,137.1378458,128
122001,34.84797169,137.1375876,129
122001,34.8481737,137.1375952,130
122001,34.84825757,137.1377482,131
122001,34.84819958,137.1379432,132
122001,34.84830876,137.1380398,133
122001,34.84838659,137.1381541,134
122001,34.8483518,137.138378,135
122001,34.84827795,137.1388675,136
122001,34.84774528,137.1387488,137
122001,34.84782563,137.1379292,138
122001,34.84812312,137.1379138,139
122001,34.84816402,137.1377559,140
122001,34.84806701,137.1377062,141
122001,34.84792635,137.137722,142
122001,34.84776488,137.1378953,143
122001,34.84762419,137.138534,144
122001,34.84758919,137.1388929,145
122001,34.84772061,137.1393713,146
122001,34.84768976,137.139581,147
122001,34.84750035,137.1397487,148
122001,34.847303,137.1397187,149
122001,34.84711687,137.142085,150
122001,34.84703458,137.1428852,151
122001,34.84676036,137.1437919,152
122001,34.84645278,137.1445172,153
122001,34.84561791,137.147295,154
122001,34.84537143,137.1477552,155
122001,34.84447557,137.1486269,156
122001,34.84421684,137.1491813,157
122001,34.8441864,137.1499123,158
122001,34.84397237,137.1500263,159
122001,34.84349148,137.1503899,160
122001,34.8434034,137.1507,161
122001,34.84333613,137.1510151,162
122001,34.84333686,137.1513403,163
122001,34.84426821,137.1508429,164
122001,34.84477344,137.1562179,165
122001,34.84516395,137.1604517,166
122001,34.8458141,137.1609925,167
122001,34.84618438,137.1621715,168
122001,34.84710098,137.1633376,169
122001,34.8474493,137.163116,170
122001,34.84900715,137.1622094,171
122001,34.84933028,137.1621087,172
122001,34.84975834,137.1621289,173
122001,34.8533836,137.161474,174
122001,34.85479598,137.1612314,175
122001,34.8550241,137.1619012,176
122001,34.85600886,137.1614348,177
122001,34.8562912,137.162247,178
122001,34.85704,137.1642871,179
122001,34.85858374,137.163869,180
122001,34.85953816,137.1635562,181
122001,34.85966709,137.1641518,182
122001,34.860013,137.164097,183
122001,34.86340142,137.16319,184
122001,34.86317455,137.1621358,185
122001,34.8638248,137.161936,186
122001,34.86488401,137.1616179,187
122001,34.86597796,137.1659542,188
122001,34.86647908,137.166312,189
122001,34.8686752,137.16759,190
122001,34.86944699,137.1680861,191
122001,34.86904973,137.1690587,192
122001,34.86883804,137.1696398,193
122001,34.8688672,137.1702911,194
122001,34.8685542,137.170862,195
122001,34.8674519,137.1736638,196
122001,34.86694567,137.1746108,197
122001,34.86643497,137.1751224,198
122001,34.86625102,137.1748653,199
122001,34.8657439,137.174515,200
122001,34.86532023,137.1741905,201
122001,34.8636752,137.172343,202
122001,34.86297794,137.1715817,203
122001,34.86226353,137.1709362,204
122001,34.86249479,137.1691339,205
122001,34.86247175,137.1688052,206
122001,34.8628879,137.1675923,207
122001,34.86322495,137.1670775,208
122001,34.86338834,137.1661655,209
122001,34.86405257,137.166166,210
122001,34.86407154,137.1656675,211
122001,34.86428953,137.165674,212
122001,34.8642972,137.1658843,213
122002,34.8642972,137.1658843,1
122002,34.86428009,137.1661746,2
122002,34.86342129,137.166229,3
122002,34.86325252,137.1670999,4
122002,34.86292427,137.167609,5
122002,34.8625092,137.1687976,6
122002,34.86254236,137.1691216,7
122002,34.86228954,137.1710327,8
122002,34.8617076,137.170728,9
122002,34.86106459,137.1705364,10
122002,34.85993373,137.1704243,11
122002,34.8598685,137.1714889,12
122002,34.859364,137.1738255,13
122002,34.85902173,137.1747576,14
122002,34.8590159,137.175113,15
122002,34.85893811,137.1770001,16
122002,34.85779096,137.1762652,17
122002,34.85673703,137.1750574,18
122002,34.85638449,137.1757394,19
122002,34.85630042,137.1765235,20
122002,34.8564386,137.176548,21
122002,34.85658246,137.1765667,22
122002,34.85730713,137.1755913,23
122002,34.85800801,137.1762344,24
122002,34.85896303,137.1768198,25
122002,34.85878178,137.1789021,26
122002,34.85855032,137.1805965,27
122002,34.85916087,137.1806604,28
122002,34.85906943,137.1827906,29
122002,34.85895161,137.183855,30
122002,34.85919058,137.1840904,31
122002,34.8592867,137.18401,32
122002,34.85941986,137.1840511,33
122002,34.85958598,137.1829319,34
122002,34.85960303,137.1827081,35
122002,34.860189,137.179306,36
122002,34.86127403,137.1795535,37
122002,34.86198309,137.1797705,38
122002,34.8621104,137.17996,39
122002,34.86217309,137.1790832,40
122002,34.86237744,137.1782857,41
122002,34.86259969,137.1777915,42
122002,34.86331302,137.1769087,43
122002,34.87107057,137.1764656,44
122002,34.8710123,137.177364,45
122002,34.87091738,137.178351,46
122002,34.87205668,137.1790008,47
122002,34.872117,137.180105,48
122002,34.87213399,137.1805242,49
122002,34.87242626,137.1810839,50
122002,34.87276958,137.1814747,51
122002,34.87238329,137.1820306,52
122002,34.87287094,137.1825906,53
122002,34.87321563,137.1832054,54
122002,34.87340709,137.1829947,55
122002,34.8746498,137.180081,56
122002,34.87483126,137.1794677,57
122002,34.87442225,137.1765977,58
122002,34.87432293,137.1758324,59
122002,34.87450876,137.1741835,60
122002,34.8738884,137.174035,61
122002,34.87355048,137.174029,62
122002,34.8731435,137.1741144,63
122002,34.87156114,137.1736761,64
122002,34.8716152,137.173099,65
122002,34.87220357,137.1698035,66
122002,34.8733713,137.164511,67
122002,34.87349079,137.1637218,68
122002,34.87354433,137.1631267,69
122002,34.87235417,137.1625356,70
122002,34.87179602,137.162378,71
122002,34.8712312,137.162401,72
122002,34.8694608,137.1625739,73
122002,34.86529545,137.1636869,74
122002,34.86413155,137.1588448,75
122002,34.86362871,137.1577317,76
122002,34.86304132,137.1567214,77
122002,34.8620902,137.1549041,78
122002,34.8624724,137.154663,79
122002,34.8636752,137.153889,80
122002,34.86539017,137.1526546,81
122002,34.86769076,137.1515932,82
122002,34.86794111,137.1517316,83
122002,34.86911011,137.1499994,84
122002,34.8697859,137.1481013,85
122002,34.8699549,137.147293,86
122002,34.87124047,137.1434258,87
122002,34.87213089,137.1439173,88
122002,34.87267517,137.1444848,89
122002,34.87416892,137.1465675,90
122002,34.87445038,137.146772,91
122002,34.87711032,137.1469941,92
122002,34.87699263,137.1491108,93
122002,34.87720293,137.1499738,94
122002,34.87773814,137.1507045,95
122002,34.88282156,137.153574,96
122002,34.88482426,137.148213,97
122002,34.8847128,137.148109,98
122002,34.88423936,137.1480262,99
122002,34.88400406,137.1477147,100
122002,34.88778344,137.1439637,101
122002,34.887723,137.143911,102
122002,34.88724867,137.1431877,103
122002,34.88330787,137.1434765,104
122002,34.88291101,137.1437262,105
122002,34.88220525,137.1449992,106
122002,34.8829826,137.146264,107
122002,34.88227613,137.1469802,108
122002,34.88159769,137.1478038,109
122002,34.87994207,137.152057,110
122002,34.87768429,137.1508195,111
122002,34.87714973,137.1501132,112
122002,34.87688391,137.1491602,113
122002,34.87700817,137.1471056,114
122002,34.87447651,137.1469102,115
122002,34.87409595,137.1466554,116
122002,34.87230418,137.1442118,117
122002,34.87187642,137.1439176,118
122002,34.87124671,137.1435538,119
122002,34.8687434,137.142538,120
122002,34.86513524,137.1411388,121
122002,34.86413832,137.1401485,122
122002,34.86322623,137.1387116,123
122002,34.86312171,137.1375189,124
122002,34.86347667,137.135098,125
122002,34.86336893,137.1347283,126
122002,34.8631891,137.1345812,127
122002,34.8621312,137.1346762,128
122002,34.8597191,137.1343873,129
122002,34.8576009,137.1326491,130
122002,34.85718121,137.1318506,131
122002,34.8568806,137.1298168,132
122002,34.85657415,137.1296951,133
122002,34.85625828,137.1294413,134
122002,34.8561863,137.1296436,135
122002,34.85622844,137.1312314,136
122002,34.8560975,137.131286,137
122002,34.85615632,137.1315409,138
122002,34.85603718,137.1318114,139
122002,34.85570534,137.1314471,140
122002,34.85559101,137.131363,141
122002,34.85533536,137.1313665,142
122002,34.854912,137.1327856,143
122002,34.8544631,137.133507,144
122002,34.85381143,137.134308,145
122002,34.8534723,137.1344927,146
122002,34.85283714,137.1346251,147
122002,34.85182328,137.135221,148
122002,34.8514888,137.1352983,149
122002,34.84937509,137.1353011,150
122002,34.84813004,137.1358534,151
122002,34.84776078,137.1363367,152
122002,34.84754462,137.1370012,153
122002,34.84733094,137.1395394,154
122002,34.84741639,137.139687,155
122002,34.84761579,137.139588,156
122002,34.84763201,137.1393595,157
122002,34.84753157,137.1389052,158
122002,34.84755701,137.1385525,159
122002,34.84773109,137.1378458,160
122002,34.84797169,137.1375876,161
122002,34.8481737,137.1375952,162
122002,34.84825757,137.1377482,163
122002,34.84819958,137.1379432,164
122002,34.84830876,137.1380398,165
122002,34.84838659,137.1381541,166
122002,34.8483518,137.138378,167
122002,34.84827795,137.1388675,168
122002,34.84774528,137.1387488,169
122002,34.84782563,137.1379292,170
122002,34.84812312,137.1379138,171
122002,34.84816402,137.1377559,172
122002,34.84806701,137.1377062,173
122002,34.84792635,137.137722,174
122002,34.84776488,137.1378953,175
122002,34.84762419,137.138534,176
122002,34.84758919,137.1388929,177
122002,34.84772061,137.1393713,178
122002,34.84768976,137.139581,179
122002,34.84750035,137.1397487,180
122002,34.847303,137.1397187,181
122002,34.84711687,137.142085,182
122002,34.84703458,137.1428852,183
122002,34.84676036,137.1437919,184
122002,34.84645278,137.1445172,185
122002,34.84561791,137.147295,186
122002,34.84537143,137.1477552,187
122002,34.84447557,137.1486269,188
122002,34.84421684,137.1491813,189
122002,34.8441864,137.1499123,190
122002,34.84397237,137.1500263,191
122002,34.84349148,137.1503899,192
122002,34.8434034,137.1507,193
122002,34.84333613,137.1510151,194
122002,34.84333686,137.1513403,195
122002,34.84426821,137.1508429,196
122002,34.84477344,137.1562179,197
122002,34.84516395,137.1604517,198
122002,34.8458141,137.1609925,199
122002,34.84618438,137.1621715,200
122002,34.84710098,137.1633376,201
122002,34.8474493,137.163116,202
122002,34.84900715,137.1622094,203
122002,34.84933028,137.1621087,204
122002,34.84975834,137.1621289,205
122002,34.8533836,137.161474,206
122002,34.85479598,137.1612314,207
122002,34.8550241,137.1619012,208
122002,34.85600886,137.1614348,209
122002,34.8562912,137.162247,210
122002,34.85704,137.1642871,211
122002,34.85858374,137.163869,212
122002,34.85953816,137.1635562,213
122002,34.85966709,137.1641518,214
122002,34.860013,137.164097,215
122002,34.86340142,137.16319,216
122002,34.86317455,137.1621358,217
122002,34.8638248,137.161936,218
122002,34.86488401,137.1616179,219
122002,34.86597796,137.1659542,220
122002,34.86647908,137.166312,221
122002,34.8686752,137.16759,222
122002,34.86944699,137.1680861,223
122002,34.86904973,137.1690587,224
122002,34.86883804,137.1696398,225
122002,34.8688672,137.1702911,226
122002,34.8685542,137.170862,227
122002,34.8674519,137.1736638,228
122002,34.86694567,137.1746108,229
122002,34.86643497,137.1751224,230
122002,34.86625102,137.1748653,231
122002,34.8657439,137.174515,232
122002,34.86532023,137.1741905,233
122002,34.8636752,137.172343,234
122002,34.86297794,137.1715817,235
122002,34.86226353,137.1709362,236
122002,34.86249479,137.1691339,237
122002,34.86247175,137.1688052,238
122002,34.8628879,137.1675923,239
122002,34.86322495,137.1670775,240
122002,34.86338834,137.1661655,241
122002,34.86405257,137.166166,242
122002,34.86407154,137.1656675,243
122002,34.86428953,137.165674,244
122002,34.8642972,137.1658843,245
131001,34.8642972,137.1658843,1
131001,34.86431334,137.1661478,2
131001,34.86572453,137.166088,3
131001,34.86588418,137.1659552,4
131001,34.86481558,137.1616376,5
131001,34.8638248,137.161936,6
131001,34.86321132,137.1622018,7
131001,34.86343299,137.163238,8
131001,34.860013,137.164097,9
131001,34.85965695,137.164138,10
131001,34.85958155,137.1635927,11
131001,34.85700574,137.1643335,12
131001,34.8563088,137.162483,13
131001,34.85595264,137.1615544,14
131001,34.85645438,137.1612497,15
131001,34.8563198,137.16035,16
131001,34.85614263,137.1600648,17
131001,34.85709042,137.1590652,18
131001,34.85785486,137.1584101,19
131001,34.85959585,137.1550847,20
131001,34.85998145,137.1548785,21
131001,34.86093236,137.155002,22
131001,34.86208086,137.1549759,23
131001,34.8624724,137.154663,24
131001,34.8636752,137.153889,25
131001,34.86539017,137.1526546,26
131001,34.86769076,137.1515932,27
131001,34.86794111,137.1517316,28
131001,34.86911011,137.1499994,29
131001,34.8697859,137.1481013,30
131001,34.8699549,137.147293,31
131001,34.87124238,137.1434993,32
131001,34.87185948,137.1437134,33
131001,34.8726935,137.1444646,34
131001,34.8737057,137.145974,35
131001,34.874349,137.146745,36
131001,34.87705623,137.147023,37
131001,34.87697765,137.14915,38
131001,34.87723318,137.1501332,39
131001,34.87795799,137.1508692,40
131001,34.88483861,137.1547325,41
131001,34.88527687,137.1552163,42
131001,34.88563112,137.1559177,43
131001,34.88579517,137.1566835,44
131001,34.88595018,137.1593065,45
131001,34.88608483,137.1615715,46
131001,34.88639258,137.1621079,47
131001,34.88694261,137.1625954,48
131001,34.88738804,137.1617227,49
131001,34.88749126,137.1612264,50
131001,34.88740546,137.1609486,51
131001,34.88710386,137.1609515,52
131001,34.88711185,137.1606079,53
131001,34.8874579,137.160573,54
131001,34.88760865,137.1606124,55
131001,34.88764866,137.1612973,56
131001,34.88752165,137.1619053,57
131001,34.88698644,137.1628194,58
131001,34.886676,137.162535,59
131001,34.88631159,137.162183,60
131001,34.88605875,137.1616595,61
131001,34.88589712,137.1593156,62
131001,34.8857467,137.1567372,63
131001,34.88559769,137.1559621,64
131001,34.88522709,137.1552531,65
131001,34.88473985,137.1547443,66
131001,34.88276381,137.1536479,67
131001,34.8842786,137.149571,68
131001,34.88482559,137.1482341,69
131001,34.88468745,137.1481527,70
131001,34.88423667,137.1480792,71
131001,34.88395542,137.147735,72
131001,34.88633657,137.1454035,73
131001,34.88778026,137.1439968,74
131001,34.887723,137.143911,75
131001,34.88724004,137.1431868,76
131001,34.88380552,137.1434435,77
131001,34.88324245,137.1434632,78
131001,34.8828869,137.143644,79
131001,34.88222476,137.1449984,80
131001,34.88302067,137.1462371,81
131001,34.88197514,137.147248,82
131001,34.88160221,137.1478206,83
131001,34.88005249,137.151927,84
131001,34.87889189,137.1549421,85
131001,34.87874762,137.1557155,86
131001,34.87890653,137.1587489,87
131001,34.87898456,137.1604151,88
131001,34.8782475,137.160482,89
131001,34.87899493,137.1603659,90
131001,34.87894586,137.1612595,91
131001,34.87890127,137.1623525,92
131001,34.87900368,137.1645527,93
131001,34.87881848,137.1658434,94
131001,34.8793653,137.1659642,95
131001,34.88168201,137.1669644,96
131001,34.8816008,137.1672302,97
131001,34.88094513,137.1691515,98
131001,34.88074593,137.1695242,99
131001,34.8808175,137.1695584,100
131001,34.88070167,137.1696023,101
131001,34.88036227,137.1701849,102
131001,34.87925308,137.1693609,103
131001,34.8791497,137.169384,104
131001,34.87802523,137.1716327,105
131001,34.8770241,137.1713957,106
131001,34.87486181,137.1708143,107
131001,34.8747598,137.172045,108
131001,34.87455478,137.174225,109
131001,34.87440236,137.1758707,110
131001,34.87456295,137.1775367,111
131001,34.87487116,137.1793206,112
131001,34.87481738,137.1797482,113
131001,34.8746498,137.180081,114
131001,34.87427829,137.1811254,115
131001,34.87342897,137.1830709,116
131001,34.87321001,137.1832825,117
131001,34.87256943,137.1823197,118
131001,34.87232485,137.1820402,119
131001,34.87276172,137.1814105,120
131001,34.87230584,137.1809793,121
131001,34.87207651,137.1804762,122
131001,34.872117,137.180105,123
131001,34.8720457,137.1790071,124
131001,34.87088415,137.1784051,125
131001,34.8710123,137.177364,126
131001,34.8713379,137.175073,127
131001,34.8715336,137.1736275,128
131001,34.87303566,137.1740302,129
131001,34.87338447,137.1740812,130
131001,34.87364731,137.1739752,131
131001,34.8738884,137.174035,132
131001,34.87451642,137.1740994,133
131001,34.8747598,137.172045,134
131001,34.87482538,137.1708106,135
131001,34.87464704,137.1707213,136
131001,34.8750877,137.1694,137
131001,34.87672149,137.164927,138
131001,34.8759723,137.1644515,139
131001,34.87317714,137.1629657,140
131001,34.8721588,137.1624756,141
131001,34.8719027,137.1624282,142
131001,34.8712653,137.16362,143
131001,34.869923,137.167008,144
131001,34.86943004,137.1682521,145
131001,34.86884555,137.1696172,146
131001,34.86886199,137.1703113,147
131001,34.8685542,137.170862,148
131001,34.8674519,137.1736638,149
131001,34.86694567,137.1746108,150
131001,34.86643497,137.1751224,151
131001,34.86625102,137.1748653,152
131001,34.8657439,137.174515,153
131001,34.86532023,137.1741905,154
131001,34.8636752,137.172343,155
131001,34.86297794,137.1715817,156
131001,34.86226353,137.1709362,157
131001,34.86249479,137.1691339,158
131001,34.86247175,137.1688052,159
131001,34.8628879,137.1675923,160
131001,34.86322495,137.1670775,161
131001,34.86338834,137.1661655,162
131001,34.86405257,137.166166,163
131001,34.86407154,137.1656675,164
131001,34.86428953,137.165674,165
131001,34.8642972,137.1658843,166
132001,34.8642972,137.1658843,1
132001,34.86430845,137.1662103,2
132001,34.86339205,137.1661954,3
132001,34.86323552,137.1671016,4
132001,34.86290565,137.1676129,5
132001,34.86250092,137.1687965,6
132001,34.86252754,137.1691093,7
132001,34.86245889,137.1700287,8
132001,34.86229947,137.170966,9
132001,34.86282303,137.1713449,10
132001,34.8638059,137.1723635,11
132001,34.86543175,137.1741681,12
132001,34.8657341,137.1743956,13
132001,34.86623853,137.1747717,14
132001,34.86645696,137.1750729,15
132001,34.86691893,137.1745538,16
132001,34.86741752,137.1735679,17
132001,34.8685542,137.170862,18
132001,34.86880262,137.1702837,19
132001,34.86878371,137.1696456,20
132001,34.869923,137.167008,21
132001,34.8712653,137.16362,22
132001,34.87183953,137.162383,23
132001,34.87234774,137.1624591,24
132001,34.8759723,137.1644515,25
132001,34.87677543,137.1648987,26
132001,34.8750877,137.1694,27
132001,34.87464183,137.1707874,28
132001,34.87488538,137.1708445,29
132001,34.8747598,137.172045,30
132001,34.87452223,137.1741439,31
132001,34.8738884,137.174035,32
132001,34.87301772,137.1740735,33
132001,34.87156875,137.1736647,34
132001,34.8713379,137.175073,35
132001,34.8710123,137.177364,36
132001,34.87091738,137.178351,37
132001,34.87205668,137.1790008,38
132001,34.872117,137.180105,39
132001,34.87213399,137.1805242,40
132001,34.87242626,137.1810839,41
132001,34.87276958,137.1814747,42
132001,34.87238329,137.1820306,43
132001,34.87287094,137.1825906,44
132001,34.87321563,137.1832054,45
132001,34.87340709,137.1829947,46
132001,34.8746498,137.180081,47
132001,34.87481775,137.1795137,48
132001,34.87449095,137.177602,49
132001,34.87435673,137.1758383,50
132001,34.87447738,137.174225,51
132001,34.8747598,137.172045,52
132001,34.87483815,137.1707895,53
132001,34.876694,137.171227,54
132001,34.87809252,137.1715377,55
132001,34.8791497,137.169384,56
132001,34.87949218,137.1688055,57
132001,34.88063148,137.1696709,58
132001,34.88068324,137.1695929,59
132001,34.8808175,137.1695584,60
132001,34.88073354,137.1695046,61
132001,34.88097093,137.1691067,62
132001,34.8816008,137.1672302,63
132001,34.88164641,137.1670165,64
132001,34.8793389,137.1660501,65
132001,34.87874546,137.165877,66
132001,34.87896055,137.1645555,67
132001,34.87887256,137.1619506,68
132001,34.87896055,137.160425,69
132001,34.8782475,137.160482,70
132001,34.87894095,137.1603946,71
132001,34.87871791,137.1562117,72
132001,34.87870925,137.1556254,73
132001,34.87886586,137.1549232,74
132001,34.87993581,137.1520722,75
132001,34.88160463,137.147712,76
132001,34.88221046,137.1469482,77
132001,34.88297253,137.1462264,78
132001,34.88210528,137.1449958,79
132001,34.8828869,137.143644,80
132001,34.88333513,137.1434084,81
132001,34.88512959,137.1433155,82
132001,34.88727035,137.1431679,83
132001,34.887723,137.143911,84
132001,34.88780107,137.14402,85
132001,34.88402009,137.147708,86
132001,34.88426376,137.1480449,87
132001,34.88485757,137.148187,88
132001,34.8844896,137.1491413,89
132001,34.8842786,137.149571,90
132001,34.88281563,137.1535611,91
132001,34.88491887,137.1546687,92
132001,34.88549961,137.1555032,93
132001,34.88580945,137.1565432,94
132001,34.88607066,137.1606155,95
132001,34.88609668,137.161573,96
132001,34.88650579,137.1622181,97
132001,34.88694714,137.1626329,98
132001,34.88752004,137.1614801,99
132001,34.88750606,137.1610431,100
132001,34.88737426,137.160947,101
132001,34.88713066,137.1609758,102
132001,34.88710845,137.1606022,103
132001,34.8874579,137.160573,104
132001,34.8736078,137.145943,105
132001,34.8700429,137.147299,106
132001,34.86918019,137.1500218,107
132001,34.86803935,137.1516597,108
132001,34.86789921,137.1517755,109
132001,34.86778618,137.1515803,110
132001,34.86662433,137.1521439,111
132001,34.86523206,137.1528379,112
132001,34.8636752,137.153889,113
132001,34.8624724,137.154663,114
132001,34.86212437,137.1550129,115
132001,34.8607977,137.1550956,116
132001,34.859957,137.1549123,117
132001,34.85961554,137.1551747,118
132001,34.8586503,137.157099,119
132001,34.85795245,137.1583594,120
132001,34.85727879,137.1590773,121
132001,34.85678954,137.1594756,122
132001,34.85620937,137.1600377,123
132001,34.8563198,137.16035,124
132001,34.8564693,137.1609563,125
132001,34.85646097,137.1613377,126
132001,34.85600358,137.1614949,127
132001,34.8562912,137.162247,128
132001,34.85704,137.1642871,129
132001,34.85858374,137.163869,130
132001,34.85953816,137.1635562,131
132001,34.85966709,137.1641518,132
132001,34.860013,137.164097,133
132001,34.86340142,137.16319,134
132001,34.86317455,137.1621358,135
132001,34.8638248,137.161936,136
132001,34.86487129,137.1616462,137
132001,34.86599127,137.1659515,138
132001,34.86576883,137.1661438,139
132001,34.86403125,137.1661768,140
132001,34.86404633,137.1656832,141
132001,34.86426573,137.1656715,142
132001,34.8642972,137.1658843,143
141001,34.8642972,137.1658843,1
141001,34.86428009,137.1661746,2
141001,34.86342129,137.166229,3
141001,34.86325252,137.1670999,4
141001,34.86292427,137.167609,5
141001,34.8625092,137.1687976,6
141001,34.86254236,137.1691216,7
141001,34.86228954,137.1710327,8
141001,34.8617076,137.170728,9
141001,34.86112976,137.1705295,10
141001,34.85855796,137.1703516,11
141001,34.8580321,137.170084,12
141001,34.85704942,137.1698213,13
141001,34.85491841,137.1693595,14
141001,34.8549871,137.168724,15
141001,34.85508137,137.167717,16
141001,34.85481861,137.1661778,17
141001,34.8496483,137.167405,18
141001,34.84885196,137.1676123,19
141001,34.84734004,137.1686486,20
141001,34.84727259,137.1688748,21
141001,34.84734004,137.1694452,22
141001,34.8471577,137.1696,23
141001,34.8460314,137.1707248,24
141001,34.84538832,137.1715195,25
141001,34.8446669,137.171832,26
141001,34.84362932,137.172215,27
141001,34.84324596,137.1725225,28
141001,34.84190552,137.1729004,29
141001,34.8413748,137.173234,30
141001,34.84119305,137.1733328,31
141001,34.84118394,137.1749297,32
141001,34.84229433,137.177375,33
141001,34.8422411,137.177954,34
141001,34.84224072,137.1784504,35
141001,34.84147353,137.1787586,36
141001,34.84085794,137.1787886,37
141001,34.83960568,137.1789972,38
141001,34.83923155,137.1790724,39
141001,34.83818653,137.1796263,40
141001,34.8379736,137.180077,41
141001,34.837833,137.1806194,42
141001,34.83687457,137.179084,43
141001,34.83655643,137.1786114,44
141001,34.83632546,137.1784447,45
141001,34.83588812,137.1778747,46
141001,34.8357952,137.177562,47
141001,34.83594207,137.1776945,48
141001,34.83611147,137.1779845,49
141001,34.8341991,137.180542,50
141001,34.82859892,137.1878687,51
141001,34.82913729,137.1885514,52
141001,34.82930936,137.1889048,53
141001,34.8295778,137.188693,54
141001,34.83025358,137.1884265,55
141001,34.8293338,137.1869875,56
141001,34.8286729,137.1878747,57
141001,34.82803627,137.1869333,58
141001,34.82721166,137.1886293,59
141001,34.8261335,137.1909931,60
141001,34.82349142,137.1889838,61
141001,34.82257699,137.1882906,62
141001,34.82219027,137.1881999,63
141001,34.82064927,137.188264,64
141001,34.8205768,137.188157,65
141001,34.82216215,137.1881232,66
141001,34.82240339,137.188147,67
141001,34.82273545,137.1882792,68
141001,34.82608925,137.1909127,69
141001,34.82744441,137.187997,70
141001,34.82709899,137.1875299,71
141001,34.8271812,137.1873978,72
141001,34.82715169,137.1875594,73
141001,34.82746738,137.1879366,74
141001,34.8285491,137.1859725,75
141001,34.8302251,137.183704,76
141001,34.83099428,137.1823972,77
141001,34.83303086,137.1792989,78
141001,34.833769,137.1782687,79
141001,34.8336063,137.1780027,80
141001,34.83517025,137.1770456,81
141001,34.83548893,137.1767386,82
141001,34.83564662,137.1769158,83
141001,34.8355706,137.177042,84
141001,34.83532685,137.1772559,85
141001,34.83514722,137.1769998,86
141001,34.8387892,137.172884,87
141001,34.83996126,137.1717727,88
141001,34.83887797,137.170741,89
141001,34.83773544,137.1690414,90
141001,34.83753,137.167279,91
141001,34.83741276,137.1657821,92
141001,34.83758648,137.1643563,93
141001,34.83704207,137.1609407,94
141001,34.83704207,137.158861,95
141001,34.83710395,137.1583426,96
141001,34.836389,137.1545035,97
141001,34.83574921,137.1547437,98
141001,34.83487562,137.1549586,99
141001,34.83358341,137.1543636,100
141001,34.83327198,137.1545011,101
141001,34.83254243,137.1545043,102
141001,34.83253904,137.1533984,103
141001,34.8322286,137.152296,104
141001,34.83250543,137.1528625,105
141001,34.83267238,137.1535024,106
141001,34.83252053,137.1555516,107
141001,34.83260275,137.1576421,108
141001,34.83220835,137.1594859,109
141001,34.83219168,137.1621744,110
141001,34.83166191,137.1638568,111
141001,34.8318764,137.16546,112
141001,34.83176146,137.1664931,113
141001,34.83199101,137.167322,114
141001,34.8318558,137.1678122,115
141001,34.83208773,137.1691936,116
141001,34.83146059,137.1710679,117
141001,34.83147442,137.1717627,118
141001,34.83187789,137.1729748,119
141001,34.83288561,137.1743341,120
141001,34.8330212,137.174698,121
141001,34.83288126,137.1752236,122
141001,34.83330711,137.1762897,123
141001,34.83342927,137.1770562,124
141001,34.83400255,137.1774357,125
141001,34.83415614,137.1777003,126
141001,34.83514609,137.1770698,127
141001,34.83547676,137.176715,128
141001,34.83567244,137.176921,129
141001,34.8355706,137.177042,130
141001,34.83532685,137.1772559,131
141001,34.83514722,137.1769998,132
141001,34.8387892,137.172884,133
141001,34.84005466,137.1716983,134
141001,34.8413715,137.170248,135
141001,34.84358761,137.1680424,136
141001,34.8444444,137.1670516,137
141001,34.84688124,137.1653786,138
141001,34.84770105,137.1649856,139
141001,34.84706582,137.1633902,140
141001,34.8474493,137.163116,141
141001,34.84900715,137.1622094,142
141001,34.84933028,137.1621087,143
141001,34.84975834,137.1621289,144
141001,34.8533836,137.161474,145
141001,34.85479598,137.1612314,146
141001,34.8550241,137.1619012,147
141001,34.85600886,137.1614348,148
141001,34.8562912,137.162247,149
141001,34.85704,137.1642871,150
141001,34.85858374,137.163869,151
141001,34.85953816,137.1635562,152
141001,34.85966709,137.1641518,153
141001,34.860013,137.164097,154
141001,34.86340142,137.16319,155
141001,34.86317455,137.1621358,156
141001,34.8638248,137.161936,157
141001,34.86488401,137.1616179,158
141001,34.86597796,137.1659542,159
141001,34.86647908,137.166312,160
141001,34.8686752,137.16759,161
141001,34.86944699,137.1680861,162
141001,34.86904973,137.1690587,163
141001,34.86883804,137.1696398,164
141001,34.8688672,137.1702911,165
141001,34.8685542,137.170862,166
141001,34.8674519,137.1736638,167
141001,34.86694567,137.1746108,168
141001,34.86643497,137.1751224,169
141001,34.86625102,137.1748653,170
141001,34.8657439,137.174515,171
141001,34.86532023,137.1741905,172
141001,34.8636752,137.172343,173
141001,34.86297794,137.1715817,174
141001,34.86226353,137.1709362,175
141001,34.86249479,137.1691339,176
141001,34.86247175,137.1688052,177
141001,34.8628879,137.1675923,178
141001,34.86322495,137.1670775,179
141001,34.86338834,137.1661655,180
141001,34.86405257,137.166166,181
141001,34.86407154,137.1656675,182
141001,34.86428953,137.165674,183
141001,34.8642972,137.1658843,184
142001,34.8642972,137.1658843,1
142001,34.86430845,137.1662103,2
142001,34.86339205,137.1661954,3
142001,34.86323552,137.1671016,4
142001,34.86290565,137.1676129,5
142001,34.86250092,137.1687965,6
142001,34.86252754,137.1691093,7
142001,34.86245889,137.1700287,8
142001,34.86229947,137.170966,9
142001,34.86282303,137.1713449,10
142001,34.8638059,137.1723635,11
142001,34.86543175,137.1741681,12
142001,34.8657341,137.1743956,13
142001,34.86623853,137.1747717,14
142001,34.86645696,137.1750729,15
142001,34.86691893,137.1745538,16
142001,34.86741752,137.1735679,17
142001,34.8685542,137.170862,18
142001,34.86883699,137.170262,19
142001,34.86882043,137.1696389,20
142001,34.86939309,137.1681794,21
142001,34.8687412,137.167777,22
142001,34.86597656,137.1660991,23
142001,34.86482454,137.1617528,24
142001,34.8638248,137.161936,25
142001,34.86321132,137.1622018,26
142001,34.86343299,137.163238,27
142001,34.860013,137.164097,28
142001,34.85965695,137.164138,29
142001,34.85958155,137.1635927,30
142001,34.85700574,137.1643335,31
142001,34.8563088,137.162483,32
142001,34.85597143,137.1615538,33
142001,34.85505797,137.161985,34
142001,34.85482422,137.1612567,35
142001,34.8533836,137.161474,36
142001,34.84983259,137.1622067,37
142001,34.84916137,137.1621852,38
142001,34.8474493,137.163116,39
142001,34.84709315,137.1633855,40
142001,34.84772989,137.1649836,41
142001,34.84638794,137.1657498,42
142001,34.84470935,137.1670013,43
142001,34.8417479,137.169988,44
142001,34.83871,137.173142,45
142001,34.83713768,137.1747613,46
142001,34.83556943,137.1765947,47
142001,34.83573565,137.1767924,48
142001,34.8355706,137.177042,49
142001,34.83534939,137.1773297,50
142001,34.83519915,137.1770843,51
142001,34.83414803,137.1777469,52
142001,34.83375386,137.1773907,53
142001,34.83341863,137.1771368,54
142001,34.8330159,137.1757435,55
142001,34.83279527,137.1751975,56
142001,34.8330212,137.174698,57
142001,34.83280768,137.1743715,58
142001,34.83204661,137.1734992,59
142001,34.83133111,137.1717311,60
142001,34.83133273,137.171017,61
142001,34.83188244,137.169677,62
142001,34.83196804,137.1693592,63
142001,34.83176946,137.1683005,64
142001,34.83177164,137.167704,65
142001,34.83191331,137.1674072,66
142001,34.83170185,137.1664454,67
142001,34.8318764,137.16546,68
142001,34.83154588,137.1638583,69
142001,34.83179049,137.1630806,70
142001,34.83208926,137.1625587,71
142001,34.83208773,137.1598542,72
142001,34.83229199,137.1586055,73
142001,34.83244909,137.1579981,74
142001,34.83249406,137.1564413,75
142001,34.83245145,137.1551693,76
142001,34.83253242,137.1536747,77
142001,34.8322286,137.152296,78
142001,34.83262492,137.1533525,79
142001,34.83260957,137.1544192,80
142001,34.83331714,137.1543805,81
142001,34.83362762,137.1543115,82
142001,34.83488443,137.1548447,83
142001,34.83542173,137.1546726,84
142001,34.83579549,137.1546951,85
142001,34.83607747,137.1544648,86
142001,34.83642936,137.1543582,87
142001,34.83686559,137.1565802,88
142001,34.83713402,137.1582165,89
142001,34.83709914,137.1591455,90
142001,34.83711203,137.1608128,91
142001,34.83752509,137.1632996,92
142001,34.83771332,137.1641488,93
142001,34.83751758,137.1657527,94
142001,34.83753,137.167279,95
142001,34.83773128,137.168826,96
142001,34.83871969,137.1704066,97
142001,34.83972713,137.1713555,98
142001,34.84010061,137.1717455,99
142001,34.83871,137.173142,100
142001,34.83713768,137.1747613,101
142001,34.83556943,137.1765947,102
142001,34.83573565,137.1767924,103
142001,34.8355706,137.177042,104
142001,34.83534579,137.1773428,105
142001,34.83517937,137.1771161,106
142001,34.83412017,137.1777789,107
142001,34.83376499,137.1780184,108
142001,34.83386327,137.1782995,109
142001,34.8302251,137.183704,110
142001,34.82942214,137.1849044,111
142001,34.82808213,137.1869875,112
142001,34.82745838,137.188104,113
142001,34.8270672,137.1875292,114
142001,34.8271812,137.1873978,115
142001,34.82724541,137.1876419,116
142001,34.82755207,137.1880733,117
142001,34.82613388,137.1910125,118
142001,34.8239765,137.1893531,119
142001,34.82275633,137.188437,120
142001,34.82260375,137.1882768,121
142001,34.82220883,137.1881545,122
142001,34.8215549,137.1882711,123
142001,34.8205768,137.188157,124
142001,34.821578,137.1881682,125
142001,34.82218146,137.1880882,126
142001,34.82270369,137.188236,127
142001,34.82604411,137.1908837,128
142001,34.82747234,137.1879059,129
142001,34.82802915,137.1868059,130
142001,34.82857794,137.1877067,131
142001,34.8289878,137.187205,132
142001,34.8339195,137.180679,133
142001,34.83515701,137.1790888,134
142001,34.83596408,137.1779767,135
142001,34.83573543,137.1776313,136
142001,34.8357952,137.177562,137
142001,34.83607745,137.1779854,138
142001,34.83649029,137.1785355,139
142001,34.83682679,137.178867,140
142001,34.83780716,137.1805431,141
142001,34.8379736,137.180077,142
142001,34.83815409,137.1795957,143
142001,34.83889595,137.1792266,144
142001,34.83933878,137.1789401,145
142001,34.84111105,137.178699,146
142001,34.84147064,137.1786468,147
142001,34.8422154,137.1784228,148
142001,34.8422411,137.177954,149
142001,34.84224979,137.1774231,150
142001,34.84111733,137.1749127,151
142001,34.84116289,137.1733375,152
142001,34.8413748,137.173234,153
142001,34.84191189,137.1728309,154
142001,34.84259812,137.1726846,155
142001,34.84326551,137.1724174,156
142001,34.84363095,137.1721788,157
142001,34.84449739,137.1719523,158
142001,34.8446669,137.171832,159
142001,34.84523822,137.1715326,160
142001,34.84561174,137.1711176,161
142001,34.84595596,137.1706777,162
142001,34.8471577,137.1696,163
142001,34.84724208,137.1693907,164
142001,34.84721878,137.1687067,165
142001,34.84743434,137.1684897,166
142001,34.84886221,137.1675651,167
142001,34.8496483,137.167405,168
142001,34.85129336,137.1669543,169
142001,34.85485199,137.1660713,170
142001,34.85513707,137.1678279,171
142001,34.8549871,137.168724,172
142001,34.85492844,137.1692716,173
142001,34.8580321,137.170084,174
142001,34.85843108,137.1702288,175
142001,34.86106625,137.1704329,176
142001,34.8617032,137.17061,177
142001,34.86223428,137.1709049,178
142001,34.86238657,137.1700435,179
142001,34.86239901,137.1693398,180
142001,34.86243987,137.1691411,181
142001,34.86246713,137.1687646,182
142001,34.86283679,137.1676515,183
142001,34.86317785,137.167091,184
142001,34.863366,137.1661226,185
142001,34.86403287,137.1661196,186
142001,34.86404753,137.1656463,187
142001,34.86426573,137.1656664,188
142001,34.8642972,137.1658843,189
